-- MySQL dump 10.13  Distrib 8.0.45, for Linux (aarch64)
--
-- Host: localhost    Database: flightDb
-- ------------------------------------------------------
-- Server version	8.0.45

/*!40101 SET @OLD_CHARACTER_SET_CLIENT=@@CHARACTER_SET_CLIENT */;
/*!40101 SET @OLD_CHARACTER_SET_RESULTS=@@CHARACTER_SET_RESULTS */;
/*!40101 SET @OLD_COLLATION_CONNECTION=@@COLLATION_CONNECTION */;
/*!50503 SET NAMES utf8mb4 */;
/*!40103 SET @OLD_TIME_ZONE=@@TIME_ZONE */;
/*!40103 SET TIME_ZONE='+00:00' */;
/*!40014 SET @OLD_UNIQUE_CHECKS=@@UNIQUE_CHECKS, UNIQUE_CHECKS=0 */;
/*!40014 SET @OLD_FOREIGN_KEY_CHECKS=@@FOREIGN_KEY_CHECKS, FOREIGN_KEY_CHECKS=0 */;
/*!40101 SET @OLD_SQL_MODE=@@SQL_MODE, SQL_MODE='NO_AUTO_VALUE_ON_ZERO' */;
/*!40111 SET @OLD_SQL_NOTES=@@SQL_NOTES, SQL_NOTES=0 */;

--
-- Table structure for table `aircraft_model`
--

DROP TABLE IF EXISTS `aircraft_model`;
/*!40101 SET @saved_cs_client     = @@character_set_client */;
/*!50503 SET character_set_client = utf8mb4 */;
CREATE TABLE `aircraft_model` (
  `id` varchar(36) NOT NULL,
  `model_name` varchar(8) DEFAULT NULL,
  `aircraft_type_name` varchar(50) DEFAULT NULL,
  `engine_type_id` varchar(36) DEFAULT NULL,
  `family` varchar(20) DEFAULT NULL,
  `manufacturer_id` varchar(36) DEFAULT NULL,
  `status` tinyint(1) NOT NULL,
  PRIMARY KEY (`id`),
  KEY `fk_aircraft_model_engine_type` (`engine_type_id`),
  KEY `fk_aircraft_model_manufacturer` (`manufacturer_id`),
  CONSTRAINT `fk_aircraft_model_engine_type` FOREIGN KEY (`engine_type_id`) REFERENCES `engine` (`id`),
  CONSTRAINT `fk_aircraft_model_manufacturer` FOREIGN KEY (`manufacturer_id`) REFERENCES `manufacturer` (`id`)
) ENGINE=InnoDB DEFAULT CHARSET=utf8mb4 COLLATE=utf8mb4_0900_ai_ci;
/*!40101 SET character_set_client = @saved_cs_client */;

--
-- Dumping data for table `aircraft_model`
--

LOCK TABLES `aircraft_model` WRITE;
/*!40000 ALTER TABLE `aircraft_model` DISABLE KEYS */;
INSERT INTO `aircraft_model` (`id`, `model_name`, `aircraft_type_name`, `engine_type_id`, `family`, `manufacturer_id`, `status`) VALUES ('0A657015-11A8-48CC-BB2B-2EB0E8CBA9F2','A319-112','A319-Airbus','IAE','Airbus A320','Airbus',1),('1E828658-E0B7-4AD1-A33B-DEF92F245471','A320-112','A320-Airbus','CFM','Airbus A320','Airbus',1),('6633A10F-08FA-4F2C-A70A-19B160E486FA','A318-112','A318-Airbus','CFM','Airbus A320','Airbus',1),('A9AE7D8D-40B1-4A54-B873-268744DC9118','A321-112','A321-Airbus','IAE','Airbus A320','Airbus',1);
/*!40000 ALTER TABLE `aircraft_model` ENABLE KEYS */;
UNLOCK TABLES;

--
-- Table structure for table `airline`
--

DROP TABLE IF EXISTS `airline`;
/*!40101 SET @saved_cs_client     = @@character_set_client */;
/*!50503 SET character_set_client = utf8mb4 */;
CREATE TABLE `airline` (
  `id` varchar(36) NOT NULL,
  `airline_name` varchar(30) NOT NULL,
  `airline_code` varchar(3) NOT NULL,
  `status` tinyint(1) NOT NULL,
  PRIMARY KEY (`id`)
) ENGINE=InnoDB DEFAULT CHARSET=utf8mb4 COLLATE=utf8mb4_0900_ai_ci;
/*!40101 SET character_set_client = @saved_cs_client */;

--
-- Dumping data for table `airline`
--

LOCK TABLES `airline` WRITE;
/*!40000 ALTER TABLE `airline` DISABLE KEYS */;
INSERT INTO `airline` (`id`, `airline_name`, `airline_code`, `status`) VALUES ('3f9d5e8c-7f0e-4c3a-aabc-91a1f5e937d9','Avianca','AV',1),('3f9d5e8c-7f0e-4c3a-aabc-91a1f5e945d5','Spirit','SP',1),('3f9d5e8c-7f0e-4c3a-aabc-91a1f5e986d6','Latam','LA',1);
/*!40000 ALTER TABLE `airline` ENABLE KEYS */;
UNLOCK TABLES;

--
-- Table structure for table `airline_route`
--

DROP TABLE IF EXISTS `airline_route`;
/*!40101 SET @saved_cs_client     = @@character_set_client */;
/*!50503 SET character_set_client = utf8mb4 */;
CREATE TABLE `airline_route` (
  `id` varchar(36) NOT NULL,
  `route_id` varchar(36) NOT NULL,
  `airline_id` varchar(36) NOT NULL,
  `status` varchar(8) NOT NULL,
  PRIMARY KEY (`id`),
  KEY `fk_airline_route_route` (`route_id`),
  KEY `fk_airline_route_airline` (`airline_id`),
  CONSTRAINT `fk_airline_route_airline` FOREIGN KEY (`airline_id`) REFERENCES `airline` (`id`),
  CONSTRAINT `fk_airline_route_route` FOREIGN KEY (`route_id`) REFERENCES `route` (`id`)
) ENGINE=InnoDB DEFAULT CHARSET=utf8mb4 COLLATE=utf8mb4_0900_ai_ci;
/*!40101 SET character_set_client = @saved_cs_client */;

--
-- Dumping data for table `airline_route`
--

LOCK TABLES `airline_route` WRITE;
/*!40000 ALTER TABLE `airline_route` DISABLE KEYS */;
INSERT INTO `airline_route` (`id`, `route_id`, `airline_id`, `status`) VALUES ('0A657015-11A8-48CC-BB2B-2EB0E8CBA9F2','6633A10F-08FA-4F2C-A70A-19B160E486FA','3f9d5e8c-7f0e-4c3a-aabc-91a1f5e986d6','1'),('1555C044-E835-403D-914A-07A722CF3E8F','900F4003-09DD-4D68-ABA1-027FAE2FC167','3f9d5e8c-7f0e-4c3a-aabc-91a1f5e986d6','1'),('16FBF74C-A15F-484A-A0D7-0DE7715C0D1F','CCE52E09-6CE5-4965-BCE0-05242627135E','3f9d5e8c-7f0e-4c3a-aabc-91a1f5e986d6','1'),('1E828658-E0B7-4AD1-A33B-DEF92F245471','0A657015-11A8-48CC-BB2B-2EB0E8CBA9F2','3f9d5e8c-7f0e-4c3a-aabc-91a1f5e986d6','1'),('29093B9A-C743-45D6-B713-091CECDCFBF6','6DE42A01-070F-4256-99E4-0317F8D13ED9','3f9d5e8c-7f0e-4c3a-aabc-91a1f5e986d6','1'),('2E9315D6-A79C-4400-BF86-03DC93A0E55A','A9AE7D8D-40B1-4A54-B873-268744DC9118','3f9d5e8c-7f0e-4c3a-aabc-91a1f5e937d9','1'),('6633A10F-08FA-4F2C-A70A-19B160E486FA','6633A10F-08FA-4F2C-A70A-19B160E486FA','3f9d5e8c-7f0e-4c3a-aabc-91a1f5e937d9','0'),('676B660B-1732-4419-8E29-11FDD74289DD','F456494A-8F64-4024-A6C6-077156850674','3f9d5e8c-7f0e-4c3a-aabc-91a1f5e986d6','1'),('6DE42A01-070F-4256-99E4-0317F8D13ED9','A9AE7D8D-40B1-4A54-B873-268744DC9118','3f9d5e8c-7f0e-4c3a-aabc-91a1f5e986d6','1'),('841315D4-C5C5-4458-86AC-123AE2BAE984','F456494A-8F64-4024-A6C6-077156850674','3f9d5e8c-7f0e-4c3a-aabc-91a1f5e937d9','1'),('879201D1-2CD0-42B3-8D62-0BF215660C80','6DE42A01-070F-4256-99E4-0317F8D13ED9','3f9d5e8c-7f0e-4c3a-aabc-91a1f5e937d9','1'),('900F4003-09DD-4D68-ABA1-027FAE2FC167','1E828658-E0B7-4AD1-A33B-DEF92F245471','3f9d5e8c-7f0e-4c3a-aabc-91a1f5e937d9','1'),('A9AE7D8D-40B1-4A54-B873-268744DC9118','0A657015-11A8-48CC-BB2B-2EB0E8CBA9F2','3f9d5e8c-7f0e-4c3a-aabc-91a1f5e937d9','1'),('B248C825-D52B-4789-B190-11A27A0B9515','CCE52E09-6CE5-4965-BCE0-05242627135E','3f9d5e8c-7f0e-4c3a-aabc-91a1f5e937d9','1'),('CCE52E09-6CE5-4965-BCE0-05242627135E','FCDE13AF-66B1-431E-AF58-013DBB61E7F2','3f9d5e8c-7f0e-4c3a-aabc-91a1f5e986d6','1'),('D3937317-25B6-4660-83D8-0D13E215F5AF','2E9315D6-A79C-4400-BF86-03DC93A0E55A','3f9d5e8c-7f0e-4c3a-aabc-91a1f5e986d6','1'),('DC724C44-0545-4363-8665-0DDDBE157FF6','2E9315D6-A79C-4400-BF86-03DC93A0E55A','3f9d5e8c-7f0e-4c3a-aabc-91a1f5e937d9','1'),('EA847C99-B894-4FAF-A24D-0890A5599D45','900F4003-09DD-4D68-ABA1-027FAE2FC167','3f9d5e8c-7f0e-4c3a-aabc-91a1f5e937d9','1'),('F456494A-8F64-4024-A6C6-077156850674','FCDE13AF-66B1-431E-AF58-013DBB61E7F2','3f9d5e8c-7f0e-4c3a-aabc-91a1f5e937d9','1'),('FCDE13AF-66B1-431E-AF58-013DBB61E7F2','1E828658-E0B7-4AD1-A33B-DEF92F245471','3f9d5e8c-7f0e-4c3a-aabc-91a1f5e986d6','1');
/*!40000 ALTER TABLE `airline_route` ENABLE KEYS */;
UNLOCK TABLES;

--
-- Table structure for table `airport`
--

DROP TABLE IF EXISTS `airport`;
/*!40101 SET @saved_cs_client     = @@character_set_client */;
/*!50503 SET character_set_client = utf8mb4 */;
CREATE TABLE `airport` (
  `id` varchar(36) NOT NULL,
  `name` varchar(50) NOT NULL,
  `iata_code` varchar(3) DEFAULT NULL,
  `status` tinyint(1) NOT NULL,
  `airport_type` varchar(13) DEFAULT NULL,
  PRIMARY KEY (`id`)
) ENGINE=InnoDB DEFAULT CHARSET=utf8mb4 COLLATE=utf8mb4_0900_ai_ci;
/*!40101 SET character_set_client = @saved_cs_client */;

--
-- Dumping data for table `airport`
--

LOCK TABLES `airport` WRITE;
/*!40000 ALTER TABLE `airport` DISABLE KEYS */;
INSERT INTO `airport` (`id`, `name`, `iata_code`, `status`, `airport_type`) VALUES ('140E5509-8D5A-427F-922C-503936CD9858','Alfonso Bonilla Aragón','CLO',1,'Internacional'),('2E4F8A6D-5B91-42C3-8F7A-91C2D3E4F5A6','Internacional de Miami','MIA',1,'Internacional'),('4E94BB12-36F2-476F-BF79-B6450F821DB3','Matecaña','PEI',1,'Internacional'),('6F3794C7-D7BD-47CC-A4C7-39D68A90D40F','El Dorado','BOG',1,'Internacional'),('7A9FAF10-985E-49A0-8FE1-729D9E4A445D','Simón Bolívar','SMR',1,'Internacional'),('8B4AE87B-BBBE-4A31-B928-418B604134B2','Antonio Nariño','PSO',1,'Nacional'),('8F2A4379-3CE8-4619-AC2C-DE4EC30F2F21','los Garzones','MTR',1,'Nacional'),('924265BE-6259-4682-B94C-9AF0247121EE','Palonegro','BGA',1,'Internacional'),('A881310E-568C-4EE9-ACCD-8AFA24006380','Camilo Daza','CUC',1,'Internacional'),('C05C6FF2-0C62-4F05-A8F9-2605E5422C83','El Alcaraván','EYP',1,'Internacional'),('C5F98B68-C33D-4A8C-8F45-56539A487AC0','Ernesto Cortissoz','BAQ',1,'Internacional'),('CA593CA2-2EB1-4483-8E56-C6B594329F42','El Edén','AXM',1,'Internacional'),('CC97AE1F-A628-41C1-B8FE-65C78E09A4D0','Gustavo Rojas Pinilla','ADZ',1,'Internacional'),('D2B278DF-5924-4D3D-AF73-2ABB758ED0D2','José María Córdova','MDE',1,'Internacional'),('E2EE8162-5402-46FD-8102-5A33774DB38D','Rafael Núñez','CTG',1,'Internacional');
/*!40000 ALTER TABLE `airport` ENABLE KEYS */;
UNLOCK TABLES;

--
-- Table structure for table `daily_logbook`
--

DROP TABLE IF EXISTS `daily_logbook`;
/*!40101 SET @saved_cs_client     = @@character_set_client */;
/*!50503 SET character_set_client = utf8mb4 */;
CREATE TABLE `daily_logbook` (
  `id` varchar(36) NOT NULL,
  `log_date` date NOT NULL,
  `employee_id` varchar(36) NOT NULL,
  `book_page` bigint DEFAULT NULL,
  `status` varchar(12) NOT NULL,
  PRIMARY KEY (`id`),
  KEY `fk_logbook_employee` (`employee_id`),
  CONSTRAINT `fk_logbook_employee` FOREIGN KEY (`employee_id`) REFERENCES `employee` (`id`)
) ENGINE=InnoDB DEFAULT CHARSET=utf8mb4 COLLATE=utf8mb4_0900_ai_ci;
/*!40101 SET character_set_client = @saved_cs_client */;

--
-- Dumping data for table `daily_logbook`
--

LOCK TABLES `daily_logbook` WRITE;
/*!40000 ALTER TABLE `daily_logbook` DISABLE KEYS */;
INSERT INTO `daily_logbook` (`id`, `log_date`, `employee_id`, `book_page`, `status`) VALUES ('07fa2f79-4b96-44d6-b7cd-cc09c84ee6d8','2026-03-05','e002d1d6-b028-469a-8233-3b5739111f60',22005599500,'1'),('46c30808-168d-48b5-b51b-502c7886c181','2026-02-10','bd7cba8f-4cf5-44a0-8bd9-7b6519efc618',27788999621,'1'),('d871b0cf-5627-4865-9ac7-6764c060fa4d','2026-02-24','bd7cba8f-4cf5-44a0-8bd9-7b6519efc618',27788999622,'1'),('da0b5db3-5034-46e2-8479-7e8144737e3a','2026-02-17','e002d1d6-b028-469a-8233-3b5739111f60',20077444851,'1'),('f887e773-0d2f-433b-85e6-78bc40380508','2026-02-16','e002d1d6-b028-469a-8233-3b5739111f60',22005599499,'1');
/*!40000 ALTER TABLE `daily_logbook` ENABLE KEYS */;
UNLOCK TABLES;

--
-- Table structure for table `daily_logbook_detail`
--

DROP TABLE IF EXISTS `daily_logbook_detail`;
/*!40101 SET @saved_cs_client     = @@character_set_client */;
/*!50503 SET character_set_client = utf8mb4 */;
CREATE TABLE `daily_logbook_detail` (
  `id` varchar(36) NOT NULL,
  `daily_logbook_id` varchar(36) NOT NULL,
  `flight_real_date` date NOT NULL,
  `flight_number` varchar(36) NOT NULL,
  `airline_route_id` varchar(36) NOT NULL,
  `actual_tail_number_id` varchar(36) NOT NULL,
  `passengers` int DEFAULT NULL,
  `out_time` time DEFAULT NULL,
  `takeoff_time` time DEFAULT NULL,
  `landing_time` time DEFAULT NULL,
  `in_time` time DEFAULT NULL,
  `pilot_role` enum('PF','PM','PFTO','PFL') DEFAULT NULL,
  `companion_name` varchar(100) DEFAULT NULL,
  `crew_role` enum('captain','first officer') DEFAULT NULL,
  `air_time` time DEFAULT NULL,
  `block_time` time DEFAULT NULL,
  `approach_type` enum('APV','VISUAL') DEFAULT NULL,
  `flight_type` varchar(20) DEFAULT NULL,
  `employee_logbook_id` varchar(36) DEFAULT NULL,
  PRIMARY KEY (`id`),
  KEY `fk_detail_logbook` (`daily_logbook_id`),
  KEY `fk_detail_airline_route` (`airline_route_id`),
  KEY `fk_detail_tail_number` (`actual_tail_number_id`),
  KEY `fk_detail_main_employee` (`employee_logbook_id`),
  CONSTRAINT `fk_detail_airline_route` FOREIGN KEY (`airline_route_id`) REFERENCES `airline_route` (`id`),
  CONSTRAINT `fk_detail_logbook` FOREIGN KEY (`daily_logbook_id`) REFERENCES `daily_logbook` (`id`),
  CONSTRAINT `fk_detail_main_employee` FOREIGN KEY (`employee_logbook_id`) REFERENCES `employee` (`id`),
  CONSTRAINT `fk_detail_tail_number` FOREIGN KEY (`actual_tail_number_id`) REFERENCES `tail_number` (`id`)
) ENGINE=InnoDB DEFAULT CHARSET=utf8mb4 COLLATE=utf8mb4_0900_ai_ci;
/*!40101 SET character_set_client = @saved_cs_client */;

--
-- Dumping data for table `daily_logbook_detail`
--

LOCK TABLES `daily_logbook_detail` WRITE;
/*!40000 ALTER TABLE `daily_logbook_detail` DISABLE KEYS */;
INSERT INTO `daily_logbook_detail` (`id`, `daily_logbook_id`, `flight_real_date`, `flight_number`, `airline_route_id`, `actual_tail_number_id`, `passengers`, `out_time`, `takeoff_time`, `landing_time`, `in_time`, `pilot_role`, `companion_name`, `crew_role`, `air_time`, `block_time`, `approach_type`, `flight_type`, `employee_logbook_id`) VALUES ('124c6251-2dcb-49a3-beae-75dc3f4ca4dc','d871b0cf-5627-4865-9ac7-6764c060fa4d','2026-02-24','0540','f456494a-8f64-4024-a6c6-077156850674','0a657015-11a8-48cc-bb2b-2eb0e8cba9f2',100,'23:00:00','23:30:00','01:30:00','01:40:00','PFL','Emma','captain','02:00:00','02:40:00','VISUAL','COMMERCIAL','bd7cba8f-4cf5-44a0-8bd9-7b6519efc618'),('3828aa9f-1500-4fe2-bf26-bda2e1764660','da0b5db3-5034-46e2-8479-7e8144737e3a','2026-02-23','4451','1e828658-e0b7-4ad1-a33b-def92f245471','800afa04-d194-4f8c-bad7-b432cd0096ec',140,'21:00:00','21:20:00','22:00:00','22:30:00','PF','Juan Pérez','captain','08:00:00','02:10:00','VISUAL','COMMERCIAL','e002d1d6-b028-469a-8233-3b5739111f60'),('4B8C2D7E-6A52-42F4-9D3B-73F9A0B1C2D7','46c30808-168d-48b5-b51b-502c7886c181','2026-02-08','4068','6633a10f-08fa-4f2c-a70a-19b160e486fa','0a657015-11a8-48cc-bb2b-2eb0e8cba9f2',173,'01:07:00','01:26:00','02:20:00','02:47:00','PF','David Ramirez','captain','00:54:00','01:40:00','APV','COMMERCIAL','bd7cba8f-4cf5-44a0-8bd9-7b6519efc618'),('88f9051a-e30b-4d96-a903-81811464405d','07fa2f79-4b96-44d6-b7cd-cc09c84ee6d8','2026-03-05','3243','d3937317-25b6-4660-83d8-0d13e215f5af','0a657015-11a8-48cc-bb2b-2eb0e8cba9f2',45,'23:42:00','23:50:00','23:55:00','00:00:00','PFTO',NULL,'first officer','00:05:00','00:18:00','VISUAL','COMMERCIAL','e002d1d6-b028-469a-8233-3b5739111f60'),('bdc88a29-6527-484e-903c-4baf5e64da96','da0b5db3-5034-46e2-8479-7e8144737e3a','2026-02-23','4453','1555c044-e835-403d-914a-07a722cf3e8f','800afa04-d194-4f8c-bad7-b432cd0096ec',100,'21:00:00','21:20:00','22:00:00','22:30:00','PFL','Juan Pérez','captain','08:00:00','02:10:00','VISUAL','COMMERCIAL','e002d1d6-b028-469a-8233-3b5739111f60'),('e2edc59d-6a6a-455e-bae8-9d5ef418ea90','d871b0cf-5627-4865-9ac7-6764c060fa4d','2026-02-24','4066','841315d4-c5c5-4458-86ac-123ae2bae984','6c18e768-c1f9-4fbf-b23c-121bf42d10ef',120,'10:00:00','11:00:00','12:00:00','12:30:00','PFL','David Ramírez','captain','01:00:00','02:30:00','VISUAL','COMMERCIAL','bd7cba8f-4cf5-44a0-8bd9-7b6519efc618'),('f29a54f6-b87c-48d6-9916-9fed7ec7707b','da0b5db3-5034-46e2-8479-7e8144737e3a','2026-02-27','4455','1e828658-e0b7-4ad1-a33b-def92f245471','0a657015-11a8-48cc-bb2b-2eb0e8cba9f2',120,'21:00:00','21:20:00','22:00:00','22:30:00','PF','Juan Pérez','captain','00:40:00','01:30:00','VISUAL','COMMERCIAL','e002d1d6-b028-469a-8233-3b5739111f60'),('f8024a26-aa57-476b-b8bc-0db3a507f21c','da0b5db3-5034-46e2-8479-7e8144737e3a','2026-02-24','4450','6de42a01-070f-4256-99e4-0317f8d13ed9','36e4e7c0-27b0-400e-8977-6f79f831c470',150,'11:00:00','16:00:00','17:00:00','18:00:00','PM','Jose David','captain','01:00:00','07:00:00','APV','COMMERCIAL','e002d1d6-b028-469a-8233-3b5739111f60'),('FCDE13AF-66B1-431E-AF58-013DBB61E7F2','da0b5db3-5034-46e2-8479-7e8144737e3a','2026-02-23','4452','6de42a01-070f-4256-99e4-0317f8d13ed9','0a657015-11a8-48cc-bb2b-2eb0e8cba9f2',110,'21:00:00','21:20:00','22:00:00','22:30:00','PF','Juan Pérez','captain','00:40:00','01:30:00','VISUAL','COMMERCIAL','e002d1d6-b028-469a-8233-3b5739111f60');
/*!40000 ALTER TABLE `daily_logbook_detail` ENABLE KEYS */;
UNLOCK TABLES;

--
-- Table structure for table `employee`
--

DROP TABLE IF EXISTS `employee`;
/*!40101 SET @saved_cs_client     = @@character_set_client */;
/*!50503 SET character_set_client = utf8mb4 */;
CREATE TABLE `employee` (
  `id` varchar(36) NOT NULL,
  `name` varchar(50) NOT NULL,
  `airline` varchar(36) DEFAULT NULL,
  `email` varchar(150) NOT NULL,
  `identification_number` varchar(10) NOT NULL,
  `bp` varchar(16) DEFAULT NULL,
  `start_date` date DEFAULT NULL,
  `end_date` date DEFAULT NULL,
  `active` tinyint(1) NOT NULL,
  `role` varchar(10) NOT NULL,
  `keycloak_user_id` varchar(36) DEFAULT NULL,
  PRIMARY KEY (`id`),
  UNIQUE KEY `uq_email` (`email`),
  UNIQUE KEY `uq_ident_airline_bp` (`identification_number`,`airline`,`bp`),
  KEY `fk_airline` (`airline`),
  CONSTRAINT `fk_airline` FOREIGN KEY (`airline`) REFERENCES `airline` (`id`)
) ENGINE=InnoDB DEFAULT CHARSET=utf8mb4 COLLATE=utf8mb4_0900_ai_ci;
/*!40101 SET character_set_client = @saved_cs_client */;

--
-- Dumping data for table `employee`
--

LOCK TABLES `employee` WRITE;
/*!40000 ALTER TABLE `employee` DISABLE KEYS */;
INSERT INTO `employee` (`id`, `name`, `airline`, `email`, `identification_number`, `bp`, `start_date`, `end_date`, `active`, `role`, `keycloak_user_id`) VALUES ('26067adf-d4d9-41ec-8487-19d57504a8f2','Laura','3f9d5e8c-7f0e-4c3a-aabc-91a1f5e937d9','laura@yopmail.com','103696244','4472024','2025-11-08','2026-11-01',1,'pilot','66faf137-c364-4fa3-b82a-1585327fb009'),('9ed54f8c-0087-11f1-8eae-565d4a24290d','Emma','3f9d5e8c-7f0e-4c3a-aabc-91a1f5e986d6','emmalondogo@gmail.com','1036961199','4412026','2024-02-02','2026-12-02',1,'admin','fb2b2b63-df46-4b1a-8244-ffa990c06ccc'),('bd7cba8f-4cf5-44a0-8bd9-7b6519efc618','Juan','3f9d5e8c-7f0e-4c3a-aabc-91a1f5e937d9','juan@yopmail.com','1036952688','4472025','2025-12-01','2026-12-01',1,'pilot','1586d5b4-8691-4e6c-9a70-48f06fb8fb06'),('e002d1d6-b028-469a-8233-3b5739111f60','Jose David','3f9d5e8c-7f0e-4c3a-aabc-91a1f5e986d6','josedalogo@yopmail.com','1036952691','4462024','2025-01-01','2026-12-31',1,'pilot','616357a0-a6e4-4514-94c7-f734eda2a685');
/*!40000 ALTER TABLE `employee` ENABLE KEYS */;
UNLOCK TABLES;

--
-- Table structure for table `employee_flight_summary`
--

DROP TABLE IF EXISTS `employee_flight_summary`;
/*!40101 SET @saved_cs_client     = @@character_set_client */;
/*!50503 SET character_set_client = utf8mb4 */;
CREATE TABLE `employee_flight_summary` (
  `id` varchar(36) NOT NULL,
  `employee_id` varchar(36) NOT NULL,
  `period_type` varchar(20) NOT NULL,
  `period_year` int NOT NULL,
  `period_number` int NOT NULL,
  `period_start` date NOT NULL,
  `period_end` date NOT NULL,
  `total_air_time` int DEFAULT '0',
  `total_block_time` int DEFAULT '0',
  `total_flights` int DEFAULT '0',
  `total_landings` int DEFAULT '0',
  `cat_approaches` int DEFAULT '0',
  `last_cat_approach_date` date DEFAULT NULL,
  `last_updated` timestamp NULL DEFAULT CURRENT_TIMESTAMP ON UPDATE CURRENT_TIMESTAMP,
  PRIMARY KEY (`id`),
  UNIQUE KEY `uq_employee_period` (`employee_id`,`period_type`,`period_year`,`period_number`),
  CONSTRAINT `fk_summary_employee` FOREIGN KEY (`employee_id`) REFERENCES `employee` (`id`)
) ENGINE=InnoDB DEFAULT CHARSET=utf8mb4 COLLATE=utf8mb4_0900_ai_ci;
/*!40101 SET character_set_client = @saved_cs_client */;

--
-- Dumping data for table `employee_flight_summary`
--

LOCK TABLES `employee_flight_summary` WRITE;
/*!40000 ALTER TABLE `employee_flight_summary` DISABLE KEYS */;
INSERT INTO `employee_flight_summary` (`id`, `employee_id`, `period_type`, `period_year`, `period_number`, `period_start`, `period_end`, `total_air_time`, `total_block_time`, `total_flights`, `total_landings`, `cat_approaches`, `last_cat_approach_date`, `last_updated`) VALUES ('0e4c1597-6ccd-43d4-a6ea-12162c7a0f74','e002d1d6-b028-469a-8233-3b5739111f60','PERIOD_1_15',2026,5,'2026-03-01','2026-03-15',5,18,2,0,0,NULL,'2026-03-05 13:50:50'),('17a4b613-ddd0-486b-bab9-aaed3c0d43bf','e002d1d6-b028-469a-8233-3b5739111f60','ANNUAL',2026,1,'2026-01-01','2026-12-31',2205,368,6,3,0,NULL,'2026-03-05 13:50:50'),('27d2da2b-f0a8-4305-afec-1c077db878d6','e002d1d6-b028-469a-8233-3b5739111f60','PERIOD_16_31',2026,4,'2026-02-16','2026-02-28',2200,350,4,3,0,NULL,'2026-03-05 13:48:51'),('51938a69-c7b4-44d5-9b43-08cf0ad2431a','e002d1d6-b028-469a-8233-3b5739111f60','QUARTERLY',2026,1,'2026-01-01','2026-03-31',2205,368,6,3,0,NULL,'2026-03-05 13:50:50'),('a524e114-4f89-4789-9355-d8094e2df0a6','e002d1d6-b028-469a-8233-3b5739111f60','MONTHLY',2026,2,'2026-02-01','2026-02-28',2200,350,4,3,0,NULL,'2026-03-05 13:48:51'),('d0dc8a9f-d255-4e97-b8c0-f16768615d93','e002d1d6-b028-469a-8233-3b5739111f60','MONTHLY',2026,3,'2026-03-01','2026-03-31',5,18,2,0,0,NULL,'2026-03-05 13:50:50');
/*!40000 ALTER TABLE `employee_flight_summary` ENABLE KEYS */;
UNLOCK TABLES;

--
-- Table structure for table `engine`
--

DROP TABLE IF EXISTS `engine`;
/*!40101 SET @saved_cs_client     = @@character_set_client */;
/*!50503 SET character_set_client = utf8mb4 */;
CREATE TABLE `engine` (
  `id` varchar(36) NOT NULL,
  `name` varchar(3) NOT NULL,
  PRIMARY KEY (`id`)
) ENGINE=InnoDB DEFAULT CHARSET=utf8mb4 COLLATE=utf8mb4_0900_ai_ci;
/*!40101 SET character_set_client = @saved_cs_client */;

--
-- Dumping data for table `engine`
--

LOCK TABLES `engine` WRITE;
/*!40000 ALTER TABLE `engine` DISABLE KEYS */;
INSERT INTO `engine` (`id`, `name`) VALUES ('C4E27C68-1058-4988-8279-D21F817AFEF0','IAE'),('EDB33CAE-4617-43A8-85CB-7940F83984CC','CFM');
/*!40000 ALTER TABLE `engine` ENABLE KEYS */;
UNLOCK TABLES;

--
-- Table structure for table `manufacturer`
--

DROP TABLE IF EXISTS `manufacturer`;
/*!40101 SET @saved_cs_client     = @@character_set_client */;
/*!50503 SET character_set_client = utf8mb4 */;
CREATE TABLE `manufacturer` (
  `id` varchar(36) NOT NULL,
  `name` varchar(50) NOT NULL,
  PRIMARY KEY (`id`)
) ENGINE=InnoDB DEFAULT CHARSET=utf8mb4 COLLATE=utf8mb4_0900_ai_ci;
/*!40101 SET character_set_client = @saved_cs_client */;

--
-- Dumping data for table `manufacturer`
--

LOCK TABLES `manufacturer` WRITE;
/*!40000 ALTER TABLE `manufacturer` DISABLE KEYS */;
INSERT INTO `manufacturer` (`id`, `name`) VALUES ('900F4003-09DD-4D68-ABA1-027FAE2FC167','Boeing'),('FCDE13AF-66B1-431E-AF58-013DBB61E7F2','Airbus');
/*!40000 ALTER TABLE `manufacturer` ENABLE KEYS */;
UNLOCK TABLES;

--
-- Table structure for table `route`
--

DROP TABLE IF EXISTS `route`;
/*!40101 SET @saved_cs_client     = @@character_set_client */;
/*!50503 SET character_set_client = utf8mb4 */;
CREATE TABLE `route` (
  `id` varchar(36) NOT NULL,
  `origin_airport_id` varchar(36) NOT NULL,
  `destination_airport_id` varchar(36) NOT NULL,
  `airport_type` varchar(13) NOT NULL,
  `estimated_flight_time` time DEFAULT NULL,
  PRIMARY KEY (`id`),
  UNIQUE KEY `uq_route_origin_destination` (`origin_airport_id`,`destination_airport_id`),
  KEY `fk_route_destination_airport` (`destination_airport_id`),
  CONSTRAINT `fk_route_destination_airport` FOREIGN KEY (`destination_airport_id`) REFERENCES `airport` (`id`),
  CONSTRAINT `fk_route_origin_airport` FOREIGN KEY (`origin_airport_id`) REFERENCES `airport` (`id`)
) ENGINE=InnoDB DEFAULT CHARSET=utf8mb4 COLLATE=utf8mb4_0900_ai_ci;
/*!40101 SET character_set_client = @saved_cs_client */;

--
-- Dumping data for table `route`
--

LOCK TABLES `route` WRITE;
/*!40000 ALTER TABLE `route` DISABLE KEYS */;
INSERT INTO `route` (`id`, `origin_airport_id`, `destination_airport_id`, `airport_type`, `estimated_flight_time`) VALUES ('0A657015-11A8-48CC-BB2B-2EB0E8CBA9F2','140E5509-8D5A-427F-922C-503936CD9858','6F3794C7-D7BD-47CC-A4C7-39D68A90D40F','Nacional','01:01:00'),('1E828658-E0B7-4AD1-A33B-DEF92F245471','D2B278DF-5924-4D3D-AF73-2ABB758ED0D2','6F3794C7-D7BD-47CC-A4C7-39D68A90D40F','Nacional','00:58:00'),('2E9315D6-A79C-4400-BF86-03DC93A0E55A','D2B278DF-5924-4D3D-AF73-2ABB758ED0D2','140E5509-8D5A-427F-922C-503936CD9858','Nacional','01:02:00'),('6633A10F-08FA-4F2C-A70A-19B160E486FA','6F3794C7-D7BD-47CC-A4C7-39D68A90D40F','140E5509-8D5A-427F-922C-503936CD9858','Nacional','01:03:00'),('6DE42A01-070F-4256-99E4-0317F8D13ED9','7A9FAF10-985E-49A0-8FE1-729D9E4A445D','D2B278DF-5924-4D3D-AF73-2ABB758ED0D2','Nacional','01:15:00'),('900F4003-09DD-4D68-ABA1-027FAE2FC167','D2B278DF-5924-4D3D-AF73-2ABB758ED0D2','7A9FAF10-985E-49A0-8FE1-729D9E4A445D','Nacional','01:14:00'),('A9AE7D8D-40B1-4A54-B873-268744DC9118','6F3794C7-D7BD-47CC-A4C7-39D68A90D40F','8F2A4379-3CE8-4619-AC2C-DE4EC30F2F21','Nacional','01:21:00'),('CCE52E09-6CE5-4965-BCE0-05242627135E','140E5509-8D5A-427F-922C-503936CD9858','D2B278DF-5924-4D3D-AF73-2ABB758ED0D2','Nacional','01:09:00'),('F456494A-8F64-4024-A6C6-077156850674','6F3794C7-D7BD-47CC-A4C7-39D68A90D40F','E2EE8162-5402-46FD-8102-5A33774DB38D','Nacional','01:32:00'),('FCDE13AF-66B1-431E-AF58-013DBB61E7F2','8F2A4379-3CE8-4619-AC2C-DE4EC30F2F21','6F3794C7-D7BD-47CC-A4C7-39D68A90D40F','Nacional','01:23:00');
/*!40000 ALTER TABLE `route` ENABLE KEYS */;
UNLOCK TABLES;

--
-- Table structure for table `system_messages`
--

DROP TABLE IF EXISTS `system_messages`;
/*!40101 SET @saved_cs_client     = @@character_set_client */;
/*!50503 SET character_set_client = utf8mb4 */;
CREATE TABLE `system_messages` (
  `id` varchar(36) COLLATE utf8mb4_unicode_ci NOT NULL COMMENT 'UUID primary key',
  `message_code` varchar(50) COLLATE utf8mb4_unicode_ci NOT NULL COMMENT 'Unique message code (e.g.: MOD_U_DUP_ERR_00001)',
  `type` enum('ERROR','EXITO','WARNING','INFO','DEBUG') COLLATE utf8mb4_unicode_ci NOT NULL COMMENT 'Message type',
  `category` varchar(50) COLLATE utf8mb4_unicode_ci NOT NULL COMMENT 'Category: end_user, system, validation',
  `module` varchar(50) COLLATE utf8mb4_unicode_ci NOT NULL COMMENT 'Module it belongs to: general, users, validation, authorization',
  `message_title` varchar(255) COLLATE utf8mb4_unicode_ci NOT NULL COMMENT 'Short message title (in Spanish)',
  `message_content` text COLLATE utf8mb4_unicode_ci NOT NULL COMMENT 'Message content with placeholders NULL, NULL, etc. (in Spanish)',
  `is_active` tinyint(1) DEFAULT '1' COMMENT 'Indicates if the message is active',
  `created_at` timestamp NULL DEFAULT CURRENT_TIMESTAMP,
  `updated_at` timestamp NULL DEFAULT CURRENT_TIMESTAMP ON UPDATE CURRENT_TIMESTAMP,
  PRIMARY KEY (`id`),
  UNIQUE KEY `message_code` (`message_code`),
  KEY `idx_code` (`message_code`),
  KEY `idx_type` (`type`),
  KEY `idx_module` (`module`),
  KEY `idx_active` (`is_active`)
) ENGINE=InnoDB DEFAULT CHARSET=utf8mb4 COLLATE=utf8mb4_unicode_ci COMMENT='Table for dynamic system messages';
/*!40101 SET character_set_client = @saved_cs_client */;

--
-- Dumping data for table `system_messages`
--

LOCK TABLES `system_messages` WRITE;
/*!40000 ALTER TABLE `system_messages` DISABLE KEYS */;
INSERT INTO `system_messages` (`id`, `message_code`, `type`, `category`, `module`, `message_title`, `message_content`, `is_active`, `created_at`, `updated_at`) VALUES ('00c86421-df3c-11f0-9074-62a7305c9424','MOD_KC_PWD_RESET_SENT_EXI_00001','EXITO','system','keycloak','Password Reset Request Received','If the email address you entered is registered, you will receive a link to reset your password.',1,'2025-12-22 13:42:05','2026-01-27 15:59:23'),('0173c8ee-f0bb-11f0-a4fd-de4428fcab39','VUE_CON_EXI_04801','EXITO','Flight retrieved','flight','final_user','Flight information retrieved successfully',1,'2026-01-13 20:04:02','2026-01-13 20:04:02'),('0173fe03-f0bb-11f0-a4fd-de4428fcab39','VUE_EDI_EXI_04901','EXITO','Flight updated','flight','final_user','Flight has been updated successfully',1,'2026-01-13 20:04:02','2026-01-13 20:04:02'),('01740142-f0bb-11f0-a4fd-de4428fcab39','VUE_REG_EXI_05001','EXITO','Flight registered','flight','final_user','Flight has been registered successfully',1,'2026-01-13 20:04:02','2026-01-13 20:04:02'),('01740337-f0bb-11f0-a4fd-de4428fcab39','VUE_LIST_EXI_04800','EXITO','Flights listed','flight','final_user','Flight list retrieved successfully',1,'2026-01-13 20:04:02','2026-01-13 20:04:02'),('02237dc6-f2ff-11f0-ab72-028a94201979','RUT_CON_ERR_03902','ERROR','system','route','Route Not Found','The requested route was not found in the system.',1,'2026-01-16 17:15:51','2026-01-16 17:15:51'),('04861c12-f2ff-11f0-ab72-028a94201979','RUT_CON_ERR_03903','ERROR','system','route','Route Retrieval Error','An error occurred while retrieving the route information. Please try again later.',1,'2026-01-16 17:15:55','2026-01-16 17:15:55'),('05cf8c8f-f0bb-11f0-a4fd-de4428fcab39','VUE_CON_ERR_04802','ERROR','Flight not selected','flight','final_user','You must enter or select a flight to continue',1,'2026-01-13 20:04:09','2026-01-13 20:04:09'),('05cf9692-f0bb-11f0-a4fd-de4428fcab39','VUE_CON_ERR_04803','ERROR','Flight not found','flight','final_user','No results found with the search criteria',1,'2026-01-13 20:04:09','2026-01-13 20:04:09'),('05cf98bb-f0bb-11f0-a4fd-de4428fcab39','VUE_CON_ERR_04804','ERROR','Query error','flight','technical','A technical error occurred while retrieving the flight. Please try again later',1,'2026-01-13 20:04:09','2026-01-13 20:04:09'),('072d1a8b-f2ff-11f0-ab72-028a94201979','RUT_LIST_EXI_03001','EXITO','system','route','Routes Listed','The routes list has been retrieved successfully.',1,'2026-01-16 17:15:59','2026-01-16 17:15:59'),('09f0db51-f2e0-11f0-ab72-028a94201979','MOT_CON_EXI_03701','EXITO','system','engine','Engine Retrieved','The engine has been retrieved successfully.',1,'2026-01-16 13:34:10','2026-01-16 13:34:10'),('0a67a4cb-f2ff-11f0-ab72-028a94201979','RUT_LIST_ERR_03002','ERROR','system','route','Route Listing Error','An error occurred while retrieving the routes list. Please try again later.',1,'2026-01-16 17:16:05','2026-01-16 17:16:05'),('0af71511-f0bb-11f0-a4fd-de4428fcab39','VUE_EDI_ERR_04902','ERROR','Flight not selected','flight','final_user','You must select a flight to modify',1,'2026-01-13 20:04:18','2026-01-13 20:04:18'),('0af71c2c-f0bb-11f0-a4fd-de4428fcab39','VUE_EDI_ERR_04903','ERROR','Invalid data','flight','final_user','The entered data is incomplete, invalid, or has an incorrect format',1,'2026-01-13 20:04:18','2026-01-13 20:04:18'),('0af71eaa-f0bb-11f0-a4fd-de4428fcab39','VUE_EDI_ERR_04904','ERROR','Edit error','flight','technical','A technical error occurred while editing the flight. Please try again later',1,'2026-01-13 20:04:18','2026-01-13 20:04:18'),('0c4a943f-e291-11f0-962a-5ae25be96703','MOD_KC_EMAIL_VERIFIED_EXI_00001','EXITO','final_user','keycloak','Email verified','Your email has been successfully verified. You can now log in to the application.',1,'2025-12-26 19:28:25','2026-01-27 15:50:08'),('0c4a990b-e291-11f0-962a-5ae25be96703','MOD_KC_EMAIL_ALREADY_VERIFIED_WARN_00001','WARNING','final_user','keycloak','Email already verified','Your email was already verified previously.',1,'2025-12-26 19:28:25','2025-12-26 19:28:25'),('0c4ad10a-e291-11f0-962a-5ae25be96703','MOD_KC_VERIF_EMAIL_SENT_EXI_00001','EXITO','final_user','keycloak','Email sent','A verification email has been sent to NULL. Please check your inbox.',1,'2025-12-26 19:28:25','2025-12-26 19:28:25'),('0c4ad238-e291-11f0-962a-5ae25be96703','MOD_KC_VERIF_EMAIL_RESENT_EXI_00001','EXITO','final_user','keycloak','Email resent','The verification email has been resent to NULL. Please check your inbox.',1,'2025-12-26 19:28:25','2025-12-26 19:28:25'),('0c4ad301-e291-11f0-962a-5ae25be96703','MOD_KC_VERIF_EMAIL_ERROR_ERR_00001','ERROR','final_user','keycloak','Error sending email','We could not send the verification email. Please try again later.',1,'2025-12-26 19:28:25','2025-12-26 19:28:25'),('0c4ad3be-e291-11f0-962a-5ae25be96703','MOD_KC_EMAIL_VERIFY_ERROR_ERR_00001','ERROR','final_user','keycloak','Verification error','An error occurred while verifying your email. The link may have expired.',1,'2025-12-26 19:28:25','2025-12-26 19:28:25'),('0db54182-df3c-11f0-9074-62a7305c9424','MOD_KC_PWD_UPDATED_EXI_00001','EXITO','system','keycloak','Password updated successfully','Your password has been updated successfully. You can now log in with your new password.',1,'2025-12-22 13:42:26','2025-12-22 13:42:26'),('0db554a8-df3c-11f0-9074-62a7305c9424','MOD_KC_PWD_UPDATE_ERROR_ERR_00001','ERROR','system','keycloak','Password update failed','Unable to update your password. Please try again later.',1,'2025-12-22 13:42:26','2025-12-22 13:42:26'),('0db557d3-df3c-11f0-9074-62a7305c9424','MOD_KC_PWD_MISMATCH_ERR_00001','ERROR','system','keycloak','Passwords do not match','The new password and confirmation do not match. Please verify and try again.',1,'2025-12-22 13:42:26','2025-12-22 13:42:26'),('0db55a13-df3c-11f0-9074-62a7305c9424','MOD_KC_PWD_UPDATE_TOKEN_INVALID_ERR_00001','ERROR','system','keycloak','Invalid or expired link','The password reset link is invalid or has expired. Please request a new one.',1,'2025-12-22 13:42:26','2025-12-22 13:42:26'),('1052d322-f2e0-11f0-ab72-028a94201979','MOT_CON_ERR_03702','ERROR','system','engine','Engine Not Found','The requested engine does not exist in the system.',1,'2026-01-16 13:34:20','2026-01-16 13:34:20'),('10736ba9-f0bb-11f0-a4fd-de4428fcab39','VUE_REG_ERR_05002','ERROR','Required fields','flight','final_user','You must complete all required fields',1,'2026-01-13 20:04:27','2026-01-13 20:04:27'),('107376c3-f0bb-11f0-a4fd-de4428fcab39','VUE_REG_ERR_05003','ERROR','Invalid format','flight','final_user','The entered data has an incorrect format or is invalid',1,'2026-01-13 20:04:27','2026-01-13 20:04:27'),('10737b29-f0bb-11f0-a4fd-de4428fcab39','VUE_REG_ERR_05004','ERROR','Registration error','flight','technical','A technical error occurred while registering the flight. Please try again later',1,'2026-01-13 20:04:27','2026-01-13 20:04:27'),('10a2a474-e291-11f0-962a-5ae25be96703','MOD_KC_INVALID_TOKEN_ERR_00001','ERROR','final_user','keycloak','Invalid token','The provided token is invalid or has expired. Please request a new one.',1,'2025-12-26 19:28:32','2025-12-26 19:28:32'),('13e0a864-f2e0-11f0-ab72-028a94201979','MOT_CON_ERR_03703','ERROR','system','engine','Error Retrieving Engine','A technical error occurred while retrieving the engine information.',1,'2026-01-16 13:34:26','2026-01-16 13:34:26'),('161007e2-f0bb-11f0-a4fd-de4428fcab39','VUE_LIST_ERR_04802','ERROR','List error','flight','technical','A technical error occurred while listing flights. Please try again later',1,'2026-01-13 20:04:36','2026-01-13 20:04:36'),('164fefb5-e291-11f0-962a-5ae25be96703','MOD_KC_PWD_RESET_ERROR_ERR_00001','ERROR','final_user','keycloak','Error sending email','We could not send the recovery email. Please try again later.',1,'2025-12-26 19:28:42','2025-12-26 19:28:42'),('16d1327a-ec14-11f0-86f9-5ec63aedf732','MOD_INFRA_KC_USER_EXISTS_ERR_00007','ERROR','system','infrastructure','User already exists','The user already exists in the system. If you believe this is an error, contact support.',1,'2026-01-07 21:59:07','2026-01-07 21:59:07'),('16d1413d-ec14-11f0-86f9-5ec63aedf732','MOD_INFRA_DB_USER_EXISTS_ERR_00008','ERROR','system','infrastructure','User already exists','The user already exists in the system. If you believe this is an error, contact support.',1,'2026-01-07 21:59:07','2026-01-07 21:59:07'),('16d145d5-ec14-11f0-86f9-5ec63aedf732','MOD_INFRA_INCOMPLETE_REG_ERR_00009','ERROR','system','infrastructure','Incomplete registration detected','An incomplete previous registration was detected. The system is cleaning up inconsistent data. Please try to register again in a few moments.',1,'2026-01-07 21:59:07','2026-01-07 21:59:07'),('18ea88f6-e1dc-11f0-8180-6274adb8f33c','MOD_U_GET_EXI_00005','EXITO','final_user','users','Employee Found','Employee information retrieved successfully.',1,'2025-12-25 21:53:07','2025-12-25 21:53:07'),('1ad9d81f-ec14-11f0-86f9-5ec63aedf732','GEN_MSG_INACTIVE_ERR_00002','ERROR','system','messages','Message not available','The system message is not available at this moment. Please try later.',1,'2026-01-07 21:59:14','2026-01-07 21:59:14'),('1e27b097-f2ed-11f0-ab72-028a94201979','RUT_AIR_CON_EXI_04001','EXITO','airline_route','final_user','Airline route retrieved','Airline route retrieved successfully',1,'2026-01-16 15:07:47','2026-01-16 15:07:47'),('1e47e2d7-f0bb-11f0-a4fd-de4428fcab39','VUE_VAL_ERR_04805','ERROR','Invalid route','flight','final_user','The specified airline route is invalid or does not exist',1,'2026-01-13 20:04:50','2026-01-13 20:04:50'),('20fdf3be-f2f3-11f0-ab72-028a94201979','RUT_AIR_CON_ERR_04002','ERROR','airline_route','final_user','Airline route not found','Airline route not found',1,'2026-01-16 15:50:49','2026-01-16 15:50:49'),('2252cf44-0822-11f1-9ab0-aaf9a67083f0','VUE_REG_ERR_05005','ERROR','daily_logbook_detail','system','daily_logbook_detail','A flight register with the same date,flight number and license plate for this logbook alreay exist',1,'2026-02-12 14:50:12','2026-02-12 14:50:12'),('228419f8-f2e0-11f0-ab72-028a94201979','MOT_LIST_EXI_03704','EXITO','system','engine','Engines Listed','The engine list has been retrieved successfully.',1,'2026-01-16 13:34:51','2026-01-16 13:34:51'),('23f69822-e346-11f0-b0bc-f20b1945a33b','MOD_U_UPD_ERR_00013','ERROR','final_user','users','Update Failed','Could not update the employee information. Please try again later.',1,'2025-12-27 17:04:43','2025-12-27 17:04:43'),('24bc0684-f2f3-11f0-ab72-028a94201979','RUT_AIR_CON_ERR_04003','ERROR','airline_route','technical','Airline route retrieved Error','Technical error while retrieving airline route',1,'2026-01-16 15:50:55','2026-01-16 15:50:55'),('2682234b-f2e0-11f0-ab72-028a94201979','MOT_LIST_ERR_03705','ERROR','system','engine','Error Listing Engines','A technical error occurred while retrieving the engine list.',1,'2026-01-16 13:34:58','2026-01-16 13:34:58'),('27957f2d-e346-11f0-b0bc-f20b1945a33b','MOD_U_KC_UPD_ERR_00014','ERROR','final_user','users','Sync Failed','Could not synchronize the employee status with the authentication server. Please try again later.',1,'2025-12-27 17:04:49','2025-12-27 17:04:49'),('295c4220-f2e0-11f0-ab72-028a94201979','FAB_CON_EXI_03101','EXITO','system','manufacturer','Manufacturer Retrieved','The manufacturer has been retrieved successfully.',1,'2026-01-16 13:35:02','2026-01-16 13:35:02'),('2b28ccc0-e346-11f0-b0bc-f20b1945a33b','MOD_U_ROLE_UPD_ERR_00015','ERROR','final_user','users','Role Update Failed','Could not update the employee role. Please try again later.',1,'2025-12-27 17:04:55','2025-12-27 17:04:55'),('2b342d46-f2e0-11f0-ab72-028a94201979','FAB_CON_ERR_03102','ERROR','system','manufacturer','Manufacturer Not Found','The requested manufacturer does not exist in the system.',1,'2026-01-16 13:35:05','2026-01-16 13:35:05'),('2dc0cee4-f2f3-11f0-ab72-028a94201979','RUT_AIR_INA_EXI_04101','EXITO','airline_route','final_user','Airline route Deactivated','Airline route deactivated successfully',1,'2026-01-16 15:51:10','2026-01-16 15:51:10'),('2e128424-f2e0-11f0-ab72-028a94201979','FAB_CON_ERR_03103','ERROR','system','manufacturer','Error Retrieving Manufacturer','A technical error occurred while retrieving the manufacturer information.',1,'2026-01-16 13:35:10','2026-01-16 13:35:10'),('309186bb-f2e0-11f0-ab72-028a94201979','FAB_LIST_EXI_03104','EXITO','system','manufacturer','Manufacturers Listed','The manufacturer list has been retrieved successfully.',1,'2026-01-16 13:35:14','2026-01-16 13:35:14'),('33824dcc-f2e0-11f0-ab72-028a94201979','FAB_LIST_ERR_03105','ERROR','system','manufacturer','Error Listing Manufacturers','A technical error occurred while retrieving the manufacturer list.',1,'2026-01-16 13:35:19','2026-01-16 13:35:19'),('342590c2-f2f3-11f0-ab72-028a94201979','RUT_AIR_INA_ERR_04102','ERROR','airline_route','final_user','Airline route Deactivated Error','Technical error while deactivating airline route',1,'2026-01-16 15:51:21','2026-01-16 15:51:21'),('36d4d41c-f2f3-11f0-ab72-028a94201979','RUT_AIR_ACT_EXI_04201','EXITO','airline_route','final_user','Airline route Activated','Airline route activated successfully',1,'2026-01-16 15:51:25','2026-01-16 15:51:25'),('371a030b-53a1-449e-9e08-c19b86e8370c','MOD_TEST_CREATE_00010','INFO','testing','test_module','Postman\'s test for appi ','validation message from postman to test the api',1,'2025-12-12 10:43:27','2025-12-12 10:43:27'),('39b8b843-f2f3-11f0-ab72-028a94201979','RUT_AIR_ACT_ERR_04202','ERROR','airline_route','technical','Airline route Activated Error','Technical error while activating airline route',1,'2026-01-16 15:51:30','2026-01-16 15:51:30'),('3aad72ba-f2e5-11f0-ab72-028a94201979','VUE_DEL_EXI_01801','EXITO','daily_logbook_detail','system','daily_logbook_detail','Logbook detail deleted successfully',1,'2026-01-16 14:11:19','2026-01-16 14:11:19'),('3c8d7229-f2f3-11f0-ab72-028a94201979','RUT_AIR_LIST_EXI_04001','EXITO','airline_route','final_user','Airline routes List','Airline routes list retrieved successfully',1,'2026-01-16 15:51:35','2026-01-16 15:51:35'),('3d9e29f6-f2e5-11f0-ab72-028a94201979','VUE_DEL_ERR_01802','ERROR','daily_logbook_detail','system','daily_logbook_detail','Logbook detail deleted successfully',1,'2026-01-16 14:11:24','2026-01-16 14:11:24'),('3f9ad046-f2f3-11f0-ab72-028a94201979','RUT_AIR_LIST_ERR_04002','ERROR','airline_route','technical','Airline routes List Error','Error while listing airline routes',1,'2026-01-16 15:51:40','2026-01-16 15:51:40'),('4041eb30-f2e5-11f0-ab72-028a94201979','VUE_DEL_ERR_01803','ERROR','daily_logbook_detail','system','daily_logbook_detail','Logbook detail deleted successfully',1,'2026-01-16 14:11:28','2026-01-16 14:11:28'),('4294423d-f2f3-11f0-ab72-028a94201979','RUT_AIR_VAL_ERR_04301','ERROR','airline_route','final_user','Airline route Validation Error','The specified route is invalid or does not exist',1,'2026-01-16 15:51:45','2026-01-16 15:51:45'),('45c25c76-f2f3-11f0-ab72-028a94201979','RUT_AIR_VAL_ERR_04302','ERROR','airline_route','final_user','Airline route Validation Error','The specified airline is invalid or does not exist',1,'2026-01-16 15:51:50','2026-01-16 15:51:50'),('46e8b685-f63f-11f0-889d-76dd53fede52','CIU_CON_EXI_01301','EXITO','geographic_catalogs','final_user','City Query Successful','The city has been queried successfully. Airports located in this city were found.',1,'2026-01-20 20:33:28','2026-01-20 20:33:28'),('46e91e87-f63f-11f0-889d-76dd53fede52','CIU_CON_ERR_01302','ERROR','geographic_catalogs','final_user','City Not Found','No airports were found in the specified city. Please verify the city name and try again.',1,'2026-01-20 20:33:28','2026-01-20 20:33:28'),('46e9204d-f63f-11f0-889d-76dd53fede52','CIU_CON_ERR_01303','ERROR','geographic_catalogs','final_user','City Query Error','A technical error occurred while querying the city. Please try again later.',1,'2026-01-20 20:33:28','2026-01-20 20:33:28'),('4bdb488b-f63f-11f0-889d-76dd53fede52','PAI_CON_EXI_03801','EXITO','final_user','geographic_catalogs','Country Query Successful','The country has been queried successfully. Airports located in this country were found.',1,'2026-01-20 20:33:36','2026-01-20 20:33:36'),('4bdb5241-f63f-11f0-889d-76dd53fede52','PAI_CON_ERR_03802','ERROR','final_user','geographic_catalogs','Country Not Found','No airports were found in the specified country. Please verify the country name and try again.',1,'2026-01-20 20:33:36','2026-01-20 20:33:36'),('4bdb5609-f63f-11f0-889d-76dd53fede52','PAI_CON_ERR_03803','ERROR','final_user','geographic_catalogs','Country Query Error','A technical error occurred while querying the country. Please try again later.',1,'2026-01-20 20:33:36','2026-01-20 20:33:36'),('4cb679ee-e4fa-11f0-885f-0a3f2243e575','MOD_AIR_NOT_FOUND_ERR_00001','ERROR','airlines','system','Airline not found','The requested airline does not exist in the system',1,'2025-12-29 21:06:52','2025-12-29 21:06:52'),('4cd01bde-f2e5-11f0-ab72-028a94201979','VUE_VAL_ERR_04806','ERROR','daily_logbook_detail','system','daily_logbook_detail','Logbook detail deleted successfully',1,'2026-01-16 14:11:49','2026-01-16 14:11:49'),('4de62796-f2f6-11f0-ab72-028a94201979','MOD_KC_PWD_CHANGE_ERROR_ERR_00001','ERROR','final_user','keycloak','Error Changing Password','An error occurred while trying to change your password. Please try again later.',1,'2026-01-16 16:13:33','2026-01-16 16:13:33'),('4de62b53-f2f6-11f0-ab72-028a94201979','MOD_KC_PWD_CURRENT_INVALID_ERR_00001','ERROR','final_user','keycloak','Incorrect Current Password','The current password entered is not correct. Please verify and try again.',1,'2026-01-16 16:13:33','2026-01-16 16:13:33'),('4de62c33-f2f6-11f0-ab72-028a94201979','MOD_KC_PWD_CHANGE_MISMATCH_ERR_00001','ERROR','final_user','keycloak','New Passwords Do Not Match','The new password and its confirmation do not match. Please make sure to write the same password in both fields.',1,'2026-01-16 16:13:33','2026-01-16 16:13:33'),('51141243-f2e5-11f0-ab72-028a94201979','VUE_VAL_ERR_04807','ERROR','daily_logbook_detail','system','daily_logbook_detail','Logbook detail deleted successfully',1,'2026-01-16 14:11:57','2026-01-16 14:11:57'),('5195f0ca-e4fa-11f0-885f-0a3f2243e575','MOD_AIR_ACTIVATE_ERR_00002','ERROR','airlines','system','Activation error','Could not activate the airline',1,'2025-12-29 21:07:01','2025-12-29 21:07:01'),('53bb08c5-f2e5-11f0-ab72-028a94201979','VUE_VAL_ERR_04808','ERROR','daily_logbook_detail','system','Invalid time sequence','The flight time sequence is invalid. ',1,'2026-01-16 14:12:01','2026-02-23 02:15:23'),('5535b689-ec0d-11f0-86f9-5ec63aedf732','BIT_LIST_EXI_01001','EXITO','daily_logbook','system','List retrieved','The daily logbook list was retrieved successfully',1,'2026-01-07 21:10:45','2026-01-16 16:37:45'),('55b286c5-e4fa-11f0-885f-0a3f2243e575','MOD_AIR_DEACTIVATE_ERR_00003','ERROR','airlines','system','Deactivation error','Could not deactivate the airline',1,'2025-12-29 21:07:07','2025-12-29 21:07:07'),('575a0469-f2e5-11f0-ab72-028a94201979','VUE_AUTH_ERR_00001','ERROR','daily_logbook_detail','system','daily_logbook_detail','Logbook detail deleted successfully',1,'2026-01-16 14:12:07','2026-01-16 14:12:07'),('57d7bdd3-ec0d-11f0-86f9-5ec63aedf732','BIT_LIST_ERR_01002','ERROR','daily_logbook','system','Error listing logbooks','A technical error occurred while retrieving the logbook list. Please try again later',1,'2026-01-07 21:10:50','2026-01-16 16:37:45'),('58cc4056-f677-11f0-8420-62f7bf9ed154','TAE_CON_EXI_04601','EXITO','final_user','type_catalogs','Airport Type Query Successful','Airports of the specified type have been retrieved successfully.',1,'2026-01-21 03:14:49','2026-01-21 03:14:49'),('58cc4731-f677-11f0-8420-62f7bf9ed154','TAE_CON_ERR_04602','ERROR','final_user','type_catalogs','Airport Type Not Found','No airports were found for the specified type. Please verify the airport type and try again.',1,'2026-01-21 03:14:49','2026-01-21 03:14:49'),('58cc4834-f677-11f0-8420-62f7bf9ed154','TAE_CON_ERR_04603','ERROR','final_user','type_catalogs','Airport Type Query Error','A technical error occurred while querying airports by type. Please try again later.',1,'2026-01-21 03:14:49','2026-01-21 03:14:49'),('5b361dcf-e4fa-11f0-885f-0a3f2243e575','MOD_AIR_GET_EXI_00001','EXITO','airlines','final_user','Airline retrieved','Airline information retrieved successfully',1,'2025-12-29 21:07:17','2025-12-29 21:07:17'),('5b68ed80-ec0d-11f0-86f9-5ec63aedf732','BIT_AUTH_ERR_00001','ERROR','daily_logbook','system','Unauthorized','You do not have permission to access this logbook',1,'2026-01-07 21:10:56','2026-01-16 16:37:45'),('5c068660-f3e7-11f0-93a0-6ea900844453','FAM_CON_EXI_03201','EXITO','aircraft_families','final_user','Aircraft family retrieved','Aircraft family information retrieved successfully',1,'2026-01-17 20:59:05','2026-01-17 20:59:05'),('5c27ce88-ec11-11f0-86f9-5ec63aedf732','MOD_M_NOT_REG_ERR_00015','ERROR','system','messages','Message not registered','The system message code requested is not registered in the database.',1,'2026-01-07 21:39:35','2026-01-07 21:39:35'),('5c27d891-ec11-11f0-86f9-5ec63aedf732','MOD_M_INACTIVE_ERR_00016','ERROR','system','messages','Message inactive','The system message code exists but is currently deactivated.',1,'2026-01-07 21:39:35','2026-01-07 21:39:35'),('5f121b7e-e4fa-11f0-885f-0a3f2243e575','MOD_AIR_ACTIVATE_EXI_00002','EXITO','airlines','final_user','Airline activated','The airline has been activated successfully',1,'2025-12-29 21:07:23','2025-12-29 21:07:23'),('608406f6-f3e7-11f0-93a0-6ea900844453','FAM_CON_ERR_03202','ERROR','aircraft_families','system','Aircraft family not found','The requested aircraft family does not exist in the system',1,'2026-01-17 20:59:13','2026-01-17 20:59:13'),('6157db55-e4fa-11f0-885f-0a3f2243e575','MOD_AIR_DEACTIVATE_EXI_00003','EXITO','airlines','final_user','Airline deactivated','The airline has been deactivated successfully',1,'2025-12-29 21:07:27','2025-12-29 21:07:27'),('634fa423-f3e7-11f0-93a0-6ea900844453','FAM_CON_ERR_03203','ERROR','aircraft_families','system','Query error','An error occurred while retrieving the aircraft family. Please try again later',1,'2026-01-17 20:59:17','2026-01-17 20:59:17'),('65fc41a9-e829-11f0-a370-ae89b216dec6','MOD_APT_NOT_FOUND_ERR_00001','ERROR','airport','system','Airport not found','The requested airport does not exist in the system',1,'2026-01-02 22:21:35','2026-01-16 16:22:28'),('6b99b83f-e829-11f0-a370-ae89b216dec6','MOD_APT_ACTIVATE_ERR_00002','ERROR','airport','system','Airport activation error','Could not activate the airport',1,'2026-01-02 22:21:44','2026-01-16 16:22:28'),('761fcbf8-cd7f-11f0-80b8-4a144109f7f9','MOD_U_DUP_ERR_00001','ERROR','final_user','user',' user already exists','user already exists in the system',1,'2025-11-29 23:59:37','2025-12-15 15:27:12'),('761fd1ae-cd7f-11f0-80b8-4a144109f7f9','MOD_U_SAVE_ERR_00002','ERROR','final_user','user','user cannot be saved','user cannot be saved.Try again',1,'2025-11-29 23:59:37','2026-01-02 23:47:21'),('761fd426-cd7f-11f0-80b8-4a144109f7f9','MOD_U_GET_ERR_00003','ERROR','final_user','user','employee not found','employee not found.requested user could not be found',1,'2025-11-29 23:59:37','2025-11-29 23:59:37'),('761fd5ba-cd7f-11f0-80b8-4a144109f7f9','MOD_U_EMAIL_ERR_00004','ERROR','final_user','db','email error','Error getting user by email',1,'2025-11-29 23:59:37','2025-11-29 23:59:37'),('761fd760-cd7f-11f0-80b8-4a144109f7f9','MOD_U_EMAIL_NF_ERR_00005','ERROR','final_user','auth','Email not found','No user was found with the email provided',1,'2025-11-29 23:59:37','2025-11-29 23:59:37'),('761fd8e6-cd7f-11f0-80b8-4a144109f7f9','MOD_U_EMAIL_NV_ERR_00006','ERROR','final_user','auth','Email not verified','the email has not been verified',1,'2025-11-29 23:59:37','2025-11-29 23:59:37'),('761fda5a-cd7f-11f0-80b8-4a144109f7f9','MOD_U_TOKEN_NF_ERR_00007','ERROR','final_user','auth','Token not found','the verification token was not found',1,'2025-11-29 23:59:37','2025-11-29 23:59:37'),('761fdbec-cd7f-11f0-80b8-4a144109f7f9','MOD_U_TOKEN_EXP_ERR_00008','ERROR','final_user','user','Token expired','token has expired.please get a new one',1,'2025-11-29 23:59:37','2025-11-29 23:59:37'),('761fdd7d-cd7f-11f0-80b8-4a144109f7f9','MOD_U_TOKEN_USED_ERR_00009','ERROR','final_user','user','Token used','this token has been reciently used',1,'2025-11-29 23:59:37','2025-11-29 23:59:37'),('761fdf14-cd7f-11f0-80b8-4a144109f7f9','MOD_U_REG_ERR_00010','ERROR','final_user','auth','registration error','Error in the registration process.Please try again',1,'2025-11-29 23:59:37','2025-11-29 23:59:37'),('761fe37e-cd7f-11f0-80b8-4a144109f7f9','MOD_U_ROLE_REQ_ERR_00011','ERROR','final_user','auth','role required','Role is required to complete this operation',1,'2025-11-29 23:59:37','2025-11-29 23:59:37'),('761fe4a6-cd7f-11f0-80b8-4a144109f7f9','MOD_U_DEL_ERR_00012','ERROR','final_user','users','Deleting error','the user can not be deleted from the system',1,'2025-11-29 23:59:37','2025-11-29 23:59:37'),('761fe554-cd7f-11f0-80b8-4a144109f7f9','MOD_U_REG_EXI_00001','EXITO','final_user','users','Register successful','the user has registered successfully',1,'2025-11-29 23:59:37','2025-11-29 23:59:37'),('761fe5fa-cd7f-11f0-80b8-4a144109f7f9','MOD_U_UPD_EXI_00002','EXITO','final_user','users','Update successful','user data has been updated successfully',1,'2025-11-29 23:59:37','2025-11-29 23:59:37'),('761fe6b0-cd7f-11f0-80b8-4a144109f7f9','MOD_U_DEL_EXI_00003','EXITO','final_user','users','Delete successful','the user has been deleted from the system ',1,'2025-11-29 23:59:37','2025-11-29 23:59:37'),('761fe747-cd7f-11f0-80b8-4a144109f7f9','MOD_U_VER_EXI_00004','EXITO','final_user','users','Email verified','user email has been verified successfully',1,'2025-11-29 23:59:37','2025-11-29 23:59:37'),('7a3a4877-e829-11f0-a370-ae89b216dec6','MOD_APT_DEACTIVATE_ERR_00003','ERROR','airport','system','Airport deactivation error','Could not deactivate the airport',1,'2026-01-02 22:22:09','2026-01-16 16:22:28'),('7c5470a0-e829-11f0-a370-ae89b216dec6','MOD_APT_GET_EXI_00001','EXITO','airport','system','Airport retrieved','Airport retrieved successfully',1,'2026-01-02 22:22:12','2026-01-16 16:22:28'),('7e23ba0f-cd7f-11f0-80b8-4a144109f7f9','MOD_P_NOT_FOUND_ERR_00001','ERROR','final_user','employee','Employee not found','the employee was not found in the system',1,'2025-11-29 23:59:50','2025-11-29 23:59:50'),('7e23cbae-cd7f-11f0-80b8-4a144109f7f9','MOD_P_TRANS_ERR_00002','ERROR','db','employee','Invalid Transaction','the transaction is invalid.Please try again',1,'2025-11-29 23:59:50','2025-11-29 23:59:50'),('7e23cf00-cd7f-11f0-80b8-4a144109f7f9','MOD_P_REG_EXI_00001','EXITO','final_user','employee','Employee registered','the employee \"NULL\" has been registered successfully',1,'2025-11-29 23:59:50','2025-11-29 23:59:50'),('7e23e80e-cd7f-11f0-80b8-4a144109f7f9','MOD_P_UPD_EXI_00002','EXITO','final_user','employee','Employee updated','the data of the employee has been uptaded properly',1,'2025-11-29 23:59:50','2025-11-29 23:59:50'),('7e27a3b1-e829-11f0-a370-ae89b216dec6','MOD_APT_ACTIVATE_EXI_00002','EXITO','airport','system','Airport activated','The airport has been activated successfully',1,'2026-01-02 22:22:15','2026-01-16 16:22:28'),('7ebf7caa-dad8-11f0-b759-e6042f127376','MOD_INFRA_KC_INCONSISTENT_ERR_00001','ERROR','system','infrastructure','Inconsistent state','An inconsistent state was detected in the system',1,'2025-12-16 23:39:42','2025-12-17 00:30:05'),('7ebf8275-dad8-11f0-b759-e6042f127376','MOD_INFRA_KC_CREATE_ERR_00002','ERROR','system','infrastructure','Error creating user ','Could not create your user account at this time. Please try again later.',1,'2025-12-16 23:39:42','2025-12-17 00:30:26'),('7ebf837b-dad8-11f0-b759-e6042f127376','MOD_INFRA_KC_CLEANUP_ERR_00003','ERROR','system','infrastructure','Cleanup error','Could not complete the cleanup process after a registration error. Please try again later',1,'2025-12-16 23:39:42','2025-12-17 00:30:35'),('8034c561-e829-11f0-a370-ae89b216dec6','MOD_APT_DEACTIVATE_EXI_00003','EXITO','airport','backend','Airport deactivated','The airport has been deactivated successfully',1,'2026-01-02 22:22:19','2026-01-02 22:22:19'),('82d5102d-ec0d-11f0-86f9-5ec63aedf732','BIT_CON_EXI_01901','EXITO','daily_logbook','system','Daily logbook retrieved','Daily logbook information was retrieved successfully',1,'2026-01-07 21:12:02','2026-01-16 16:37:45'),('834a4a78-f7de-11f0-a838-06322d0f7f22','MOD_AM_INA_EXI_04101','EXITO','STATUS','Aircraft Model','Aircraft Model Deactivated','The aircraft model has been deactivated successfully.',1,'2026-01-22 22:05:50','2026-01-22 22:05:50'),('85aa2ef3-ec0d-11f0-86f9-5ec63aedf732','BIT_CON_ERR_01902','ERROR','daily_logbook','system','Logbook not selected','You must select or enter a logbook to continue',1,'2026-01-07 21:12:06','2026-01-16 16:37:45'),('85ef87b2-f7de-11f0-a838-06322d0f7f22','MOD_AM_INA_ERR_04102','ERROR','STATUS','Aircraft Model','Deactivation Error','An error occurred while trying to deactivate the aircraft model. Please try again later.',1,'2026-01-22 22:05:55','2026-01-22 22:05:55'),('867f830c-e347-11f0-b0bc-f20b1945a33b','MOD_V_FK_ERR_00014','ERROR','final_user','validation','Invalid Reference','The provided value references a resource that does not exist. Please verify the data.',1,'2025-12-27 17:14:38','2025-12-27 17:14:38'),('87f86697-ec0d-11f0-86f9-5ec63aedf732','BIT_CON_ERR_01903','ERROR','daily_logbook','system','Logbook not found','No results found with the search criteria provided',1,'2026-01-07 21:12:10','2026-01-16 16:37:45'),('89df2953-e347-11f0-b0bc-f20b1945a33b','MOD_V_LEN_ERR_00015','ERROR','final_user','validation','Data Too Long','One or more fields exceed the maximum allowed length. Please shorten the input.',1,'2025-12-27 17:14:44','2025-12-27 17:14:44'),('8a2f5976-ec0d-11f0-86f9-5ec63aedf732','BIT_CON_ERR_01904','ERROR','daily_logbook','system','Error retrieving logbook','A technical error occurred while retrieving the logbook. Please try again later',1,'2026-01-07 21:12:14','2026-01-16 16:37:45'),('8cd85bc8-ec0d-11f0-86f9-5ec63aedf732','BIT_AGR_EXI_01801','EXITO','daily_logbook','system','Daily logbook created','The daily logbook has been created successfully',1,'2026-01-07 21:12:19','2026-01-16 16:37:45'),('8ce640e8-e347-11f0-b0bc-f20b1945a33b','MOD_V_DATA_ERR_00016','ERROR','final_user','validation','Invalid Data','The provided data is invalid. Please check the values and try again.',1,'2025-12-27 17:14:49','2025-12-27 17:14:49'),('8e1df263-f7de-11f0-a838-06322d0f7f22','MOD_AM_ACT_EXI_04201','EXITO','STATUS','Aircraft Model','Aircraft Model Activated','The aircraft model has been activated successfully.',1,'2026-01-22 22:06:08','2026-01-22 22:06:08'),('8f43e962-0a1a-11f1-a5fd-6616c34dc819','TIN_CON_EXI_04701','EXITO','final_user','type_catalogs','Crew Member Type Query Successful','Crew members of the specified role have been retrieved successfully.',1,'2026-02-15 03:01:01','2026-02-15 03:01:01'),('8f43f4f4-0a1a-11f1-a5fd-6616c34dc819','TIN_CON_ERR_04702','ERROR','final_user','type_catalogs','Crew Member Type Not Found','No crew members were found for the specified role. Please verify the role and try again.',1,'2026-02-15 03:01:01','2026-02-15 03:01:01'),('8f43f7fe-0a1a-11f1-a5fd-6616c34dc819','TIN_CON_ERR_04703','ERROR','final_user','type_catalogs','Crew Member Type Query Error','A technical error occurred while querying crew members by role. Please try again later.',1,'2026-02-15 03:01:01','2026-02-15 03:01:01'),('8f80e662-ec0d-11f0-86f9-5ec63aedf732','BIT_AGR_ERR_01802','ERROR','daily_logbook','system','Required fields missing','You must complete all required fields',1,'2026-01-07 21:12:23','2026-01-16 16:37:45'),('919e16c6-ec0d-11f0-86f9-5ec63aedf732','BIT_AGR_ERR_01803','ERROR','daily_logbook','system','Invalid format','The data entered has an incorrect or invalid format',1,'2026-01-07 21:12:27','2026-01-16 16:37:45'),('939fc98a-ec0d-11f0-86f9-5ec63aedf732','BIT_AGR_ERR_01804','ERROR','daily_logbook','system','Error creating logbook','A technical error occurred while creating the logbook. Please try again later',1,'2026-01-07 21:12:30','2026-01-16 16:37:45'),('96bdcfc6-ec0d-11f0-86f9-5ec63aedf732','BIT_EDI_EXI_01701','EXITO','daily_logbook','system','Daily logbook updated','The daily logbook has been updated successfully',1,'2026-01-07 21:12:35','2026-01-16 16:37:45'),('984f8828-ec09-11f0-86f9-5ec63aedf732','MOD_AIR_LIST_ERR_00004','ERROR','airlines','system','List airlines error','Could not retrieve the list of airlines',1,'2026-01-07 20:44:00','2026-01-07 20:44:00'),('98c23064-ec0d-11f0-86f9-5ec63aedf732','BIT_EDI_ERR_01702','ERROR','daily_logbook','system','Logbook not selected','You must select a logbook to modify',1,'2026-01-07 21:12:39','2026-01-16 16:37:45'),('9a7bc6c4-e2a6-11f0-962a-5ae25be96703','MOD_KC_LOGIN_EMAIL_NOT_VERIFIED_ERR_00001','ERROR','authentication','Keycloak','Email Not Verified','Your email has not been verified yet. A verification email has been resent to your email address. Please check your inbox and follow the instructions to complete the verification.',1,'2025-12-26 22:02:43','2025-12-26 22:02:43'),('9a8acf9b-cd7f-11f0-80b8-4a144109f7f9','MOD_M_NOT_FOUND_ERR_00001','ERROR','final_user','messages','Message not found','The system message was not found.',1,'2025-11-30 00:00:38','2025-11-30 00:00:38'),('9a8adeb7-cd7f-11f0-80b8-4a144109f7f9','MOD_M_CODE_REQ_ERR_00002','ERROR','final_user','messages','Code required','The message code is required.',1,'2025-11-30 00:00:38','2025-11-30 00:00:38'),('9a8ae228-cd7f-11f0-80b8-4a144109f7f9','MOD_M_TYPE_REQ_ERR_00003','ERROR','final_user','messages','Type required','The message type is required.',1,'2025-11-30 00:00:38','2025-11-30 00:00:38'),('9a8ae4d1-cd7f-11f0-80b8-4a144109f7f9','MOD_M_TITLE_REQ_ERR_00004','ERROR','final_user','messages','Title required','The message title is required.',1,'2025-11-30 00:00:38','2025-11-30 00:00:38'),('9a8ae872-cd7f-11f0-80b8-4a144109f7f9','MOD_M_CONTENT_REQ_ERR_00005','ERROR','final_user','messages','Content required','The message content is required.',1,'2025-11-30 00:00:38','2025-11-30 00:00:38'),('9a8aeb39-cd7f-11f0-80b8-4a144109f7f9','MOD_M_MODULE_REQ_ERR_00006','ERROR','final_user','messages','Module required','The message module is required.',1,'2025-11-30 00:00:38','2025-11-30 00:00:38'),('9a8afbf8-cd7f-11f0-80b8-4a144109f7f9','MOD_M_CATEGORY_REQ_ERR_00007','ERROR','final_user','messages','Category required','The message category is required.',1,'2025-11-30 00:00:38','2025-11-30 00:00:38'),('9a8afdfb-cd7f-11f0-80b8-4a144109f7f9','MOD_M_CODE_DUP_ERR_00008','ERROR','final_user','messages','Duplicate code','A message with this code already exists.',1,'2025-11-30 00:00:38','2025-11-30 00:00:38'),('9a8aff8c-cd7f-11f0-80b8-4a144109f7f9','MOD_M_SAVE_ERR_00009','ERROR','final_user','messages','Save error','Error while saving the system message.',1,'2025-11-30 00:00:38','2025-11-30 00:00:38'),('9a8b0120-cd7f-11f0-80b8-4a144109f7f9','MOD_M_UPDATE_ERR_00010','ERROR','final_user','messages','Update error','Error while updating the system message.',1,'2025-11-30 00:00:38','2025-11-30 00:00:38'),('9a8b0288-cd7f-11f0-80b8-4a144109f7f9','MOD_M_DELETE_ERR_00011','ERROR','final_user','messages','Delete error','Error while deleting the system message.',1,'2025-11-30 00:00:38','2025-11-30 00:00:38'),('9a8b04a0-cd7f-11f0-80b8-4a144109f7f9','MOD_M_TYPE_INV_ERR_00012','ERROR','final_user','messages','Invalid type','The message type is not valid. Allowed types: ERROR, EXITO, WARNING, INFO, DEBUG.',1,'2025-11-30 00:00:38','2025-11-30 00:00:38'),('9a8b0671-cd7f-11f0-80b8-4a144109f7f9','MOD_M_LIST_ERR_00013','ERROR','final_user','messages','List error','Error while retrieving the message list.',1,'2025-11-30 00:00:38','2025-11-30 00:00:38'),('9a8b07ee-cd7f-11f0-80b8-4a144109f7f9','MOD_M_DEL_ERR_00014','ERROR','final_user','messages','Cannot delete','The system message cannot be deleted.',1,'2025-11-30 00:00:38','2025-11-30 00:00:38'),('9a8b096e-cd7f-11f0-80b8-4a144109f7f9','MOD_M_CREATE_EXI_00001','EXITO','final_user','messages','Message created','The system message has been created successfully.',1,'2025-11-30 00:00:38','2025-11-30 00:00:38'),('9a8b0ae1-cd7f-11f0-80b8-4a144109f7f9','MOD_M_UPDATE_EXI_00002','EXITO','final_user','messages','Message updated','The system message has been updated successfully.',1,'2025-11-30 00:00:38','2025-11-30 00:00:38'),('9a8b0c53-cd7f-11f0-80b8-4a144109f7f9','MOD_M_DELETE_EXI_00003','EXITO','final_user','messages','Message deleted','The system message has been deleted successfully.',1,'2025-11-30 00:00:38','2025-11-30 00:00:38'),('9a8b0dcd-cd7f-11f0-80b8-4a144109f7f9','MOD_M_LIST_EXI_00004','EXITO','final_user','messages','Messages retrieved','The system messages have been retrieved successfully.',1,'2025-11-30 00:00:38','2025-11-30 00:00:38'),('9aa7420d-ec0d-11f0-86f9-5ec63aedf732','BIT_EDI_ERR_01703','ERROR','daily_logbook','system','Invalid data','The data entered is incomplete, invalid, or has an incorrect format',1,'2026-01-07 21:12:42','2026-01-16 16:37:45'),('9c9db2e3-ec0d-11f0-86f9-5ec63aedf732','BIT_EDI_ERR_01704','ERROR','daily_logbook','system','Error updating logbook','A technical error occurred while updating the logbook. Please try again later',1,'2026-01-07 21:12:45','2026-01-16 16:37:45'),('9f0bd813-ec0d-11f0-86f9-5ec63aedf732','BIT_DEL_EXI_01601','EXITO','daily_logbook','system','Daily logbook deleted','The daily logbook has been deleted successfully',1,'2026-01-07 21:12:49','2026-01-16 16:37:45'),('a169fcf2-ec0d-11f0-86f9-5ec63aedf732','BIT_DEL_ERR_01602','ERROR','daily_logbook','system','Logbook not selected','You must select a logbook to delete',1,'2026-01-07 21:12:53','2026-01-16 16:37:45'),('a2531f89-0b9c-11f1-a60c-deea977a5fb5','MOD_KC_REFRESH_TOKEN_EXI_00001','EXITO','final_user','keycloak','Token Refreshed','Your session has been renewed successfully.',1,'2026-02-17 01:04:39','2026-02-17 01:04:39'),('a36f83aa-ec0d-11f0-86f9-5ec63aedf732','BIT_DEL_ERR_01603','ERROR','daily_logbook','system','Logbook does not exist','The logbook does not exist or has already been deleted',1,'2026-01-07 21:12:56','2026-01-16 16:37:45'),('a3e45b80-edc5-11f0-9f91-325decfe1958','MOD_AM_CON_EXI_03601','EXITO','aircraft_models','final_user','Aircraft model retrieved','Aircraft model information retrieved successfully',1,'2026-01-10 01:42:36','2026-01-10 01:42:36'),('a53b0358-ec0d-11f0-86f9-5ec63aedf732','BIT_DEL_ERR_01604','ERROR','daily_logbook','system','Error deleting logbook','A technical error occurred while deleting the logbook. Please try again later',1,'2026-01-07 21:12:59','2026-01-16 16:37:45'),('a59159be-ec09-11f0-86f9-5ec63aedf732','MOD_AIR_LIST_EXI_00004','EXITO','airlines','final_user','Airlines listed','Airlines list retrieved successfully',1,'2026-01-07 20:44:22','2026-01-07 20:44:22'),('a6d80808-0b9c-11f1-a60c-deea977a5fb5','MOD_KC_REFRESH_TOKEN_ERR_00001','ERROR','final_user','keycloak','Token Refresh Failed','Unable to refresh your session. Please log in again.',1,'2026-02-17 01:04:46','2026-02-17 01:04:46'),('a7c3fb2d-ec0d-11f0-86f9-5ec63aedf732','BIT_ACT_EXI_01501','EXITO','daily_logbook','system','Daily logbook activated','The daily logbook has been activated successfully',1,'2026-01-07 21:13:04','2026-01-16 16:37:45'),('a9d4e317-ec0d-11f0-86f9-5ec63aedf732','BIT_ACT_ERR_01502','ERROR','daily_logbook','system','Logbook not selected','You must select a logbook to activate',1,'2026-01-07 21:13:07','2026-01-16 16:37:45'),('aa4f37aa-cd7f-11f0-80b8-4a144109f7f9','MOD_V_VAL_ERR_00001','ERROR','final_user','validation','Invalid format','Invalid request format.',1,'2025-11-30 00:01:05','2025-11-30 00:01:05'),('aa4f3f5c-cd7f-11f0-80b8-4a144109f7f9','MOD_V_VAL_ERR_00002','ERROR','final_user','validation','Invalid request','The request contains invalid data.',1,'2025-11-30 00:01:05','2025-11-30 00:01:05'),('aa4f43b7-cd7f-11f0-80b8-4a144109f7f9','MOD_V_VAL_ERR_00003','ERROR','system','validation','Schema error','Error reading JSON schema.',1,'2025-11-30 00:01:05','2025-11-30 00:01:05'),('aa4f48d4-cd7f-11f0-80b8-4a144109f7f9','MOD_V_VAL_ERR_00004','ERROR','system','validation','Empty schema','The JSON schema is empty or null.',1,'2025-11-30 00:01:05','2025-11-30 00:01:05'),('aa4f4aaa-cd7f-11f0-80b8-4a144109f7f9','MOD_V_VAL_ERR_00005','ERROR','system','validation','Compilation error','Error compiling validation schema.',1,'2025-11-30 00:01:05','2025-11-30 00:01:05'),('aa4f4c5d-cd7f-11f0-80b8-4a144109f7f9','MOD_V_VAL_ERR_00006','ERROR','final_user','validation','Validation failed','Schema validation failed.',1,'2025-11-30 00:01:05','2025-11-30 00:01:05'),('aa4f50e5-cd7f-11f0-80b8-4a144109f7f9','MOD_V_VAL_ERR_00007','ERROR','system','validation','Read error','Error reading the request body.',1,'2025-11-30 00:01:05','2025-11-30 00:01:05'),('aa4f5279-cd7f-11f0-80b8-4a144109f7f9','MOD_V_VAL_ERR_00008','ERROR','final_user','validation','Incorrect format','The field \'${0}\' does not meet the required format.',1,'2025-11-30 00:01:05','2026-02-16 20:49:05'),('aa4f5443-cd7f-11f0-80b8-4a144109f7f9','MOD_V_VAL_ERR_00009','ERROR','final-user','validation','Required field','The field  \"${0}\" is required',1,'2025-11-30 00:01:05','2025-11-30 00:16:54'),('aa4f55bd-cd7f-11f0-80b8-4a144109f7f9','MOD_V_VAL_ERR_00010','ERROR','final_user','validation','Incorrect type','The field \"${0}\" has an incorrect data type',1,'2025-11-30 00:01:05','2025-11-30 00:16:54'),('aa4f57fb-cd7f-11f0-80b8-4a144109f7f9','MOD_V_VAL_ERR_00011','ERROR','final_user','validation','Multiple errors','Validation errors in the fields: ${0}',1,'2025-11-30 00:01:05','2025-11-30 00:16:54'),('aa4f5c62-cd7f-11f0-80b8-4a144109f7f9','MOD_V_JSON_ERR_00012','ERROR','final_user','validation','Invalid JSON','The submitted JSON format is not valid.',1,'2025-11-30 00:01:05','2025-11-30 00:01:05'),('aa4f60e2-cd7f-11f0-80b8-4a144109f7f9','MOD_V_ID_ERR_00013','ERROR','final_user','validation','Invalid ID','The provided ID is not valid.',1,'2025-11-30 00:01:05','2025-11-30 00:01:05'),('ab78fd82-ec0d-11f0-86f9-5ec63aedf732','BIT_ACT_ERR_01503','ERROR','daily_logbook','system','Logbook already active','The selected logbook is already active',1,'2026-01-07 21:13:10','2026-01-16 16:37:45'),('ac4a9c53-edc5-11f0-9f91-325decfe1958','MOD_AM_LIST_EXI_04301','EXITO','aircraft_models','final_user','Aircraft models listed','Aircraft models list retrieved successfully',1,'2026-01-10 01:42:50','2026-01-10 01:42:50'),('aca9df36-0b9c-11f1-a60c-deea977a5fb5','GEN_RATE_LIMIT_ERR_00001','ERROR','final_user','general','Too Many Requests','You have exceeded the allowed number of requests. Please wait a moment and try again.',1,'2026-02-17 01:04:56','2026-02-17 01:04:56'),('ad3cd986-ec0d-11f0-86f9-5ec63aedf732','BIT_ACT_ERR_01504','ERROR','daily_logbook','system','Error activating logbook','A technical error occurred while activating the logbook. Please try again later',1,'2026-01-07 21:13:13','2026-01-16 16:37:45'),('ad91b35b-f2e5-11f0-ab72-028a94201979','VUE_DEL_ERR_01804','ERROR','daily_logbook_detail','system','daily_logbook_detail','Logbook detail deleted successfully',1,'2026-01-16 14:14:32','2026-01-16 14:14:32'),('aecba736-f71a-11f0-aabe-5e27c03d54ae','EMP_AIR_VAL_ERR_02604','ERROR','final_user','airline_employee','Invalid Airline','The specified airline is invalid or does not exist.',1,'2026-01-21 22:44:02','2026-01-21 22:44:02'),('afb993af-ec0d-11f0-86f9-5ec63aedf732','BIT_INA_EXI_01401','EXITO','daily_logbook','system','Daily logbook deactivated','The daily logbook has been deactivated successfully',1,'2026-01-07 21:13:17','2026-01-16 16:37:45'),('b1c2be27-ec0d-11f0-86f9-5ec63aedf732','BIT_INA_ERR_01402','ERROR','daily_logbook','system','Logbook not selected','You must select a logbook to deactivate',1,'2026-01-07 21:13:20','2026-01-16 16:37:45'),('b32d08eb-edc5-11f0-9f91-325decfe1958','MOD_AM_CON_ERR_03602','ERROR','aircraft_models','system','Aircraft model not found','The requested aircraft model does not exist in the system',1,'2026-01-10 01:43:01','2026-01-10 01:43:01'),('b3ca4e8d-ec0d-11f0-86f9-5ec63aedf732','BIT_INA_ERR_01403','ERROR','daily_logbook','system','Logbook already inactive','The selected logbook is already inactive',1,'2026-01-07 21:13:24','2026-01-16 16:37:45'),('b5b66b2e-ec0d-11f0-86f9-5ec63aedf732','BIT_INA_ERR_01404','ERROR','daily_logbook','system','Error deactivating logbook','A technical error occurred while deactivating the logbook. Please try again later',1,'2026-01-07 21:13:27','2026-01-16 16:37:45'),('bbd74212-cd7f-11f0-80b8-4a144109f7f9','MOD_A_ROLE_ASSIGN_ERR_00001','ERROR','final_user','authorization','Role error','Error assigning the role to the user.',1,'2025-11-30 00:01:34','2025-11-30 00:01:34'),('bbd74b27-cd7f-11f0-80b8-4a144109f7f9','MOD_A_ROLE_REMOVE_ERR_00002','ERROR','final_user','authorization','Role removal error','Error removing the role from the user.',1,'2025-11-30 00:01:34','2025-11-30 00:01:34'),('bbd74c57-cd7f-11f0-80b8-4a144109f7f9','MOD_A_ROLE_CHECK_ERR_00003','ERROR','system','authorization','Verification error','Error checking the user role.',1,'2025-11-30 00:01:34','2025-11-30 00:01:34'),('bbd74d23-cd7f-11f0-80b8-4a144109f7f9','MOD_A_ROLE_GET_ERR_00004','ERROR','system','authorization','Role retrieval error','Error retrieving the user roles.',1,'2025-11-30 00:01:34','2025-11-30 00:01:34'),('bbd74de5-cd7f-11f0-80b8-4a144109f7f9','MOD_A_ROLE_ASSIGN_EXI_00001','EXITO','final_user','authorization','Role assigned','The role \"NULL\" has been assigned successfully.',1,'2025-11-30 00:01:34','2025-11-30 00:01:34'),('bbd74eae-cd7f-11f0-80b8-4a144109f7f9','MOD_A_ROLE_REMOVE_EXI_00002','EXITO','final_user','authorization','Role removed','The role \"NULL\" has been removed successfully.',1,'2025-11-30 00:01:34','2025-11-30 00:01:34'),('bc9091c9-edc5-11f0-9f91-325decfe1958','MOD_AM_CON_ERR_03603','ERROR','aircraft_models','system','Query error','An error occurred while retrieving the aircraft model',1,'2026-01-10 01:43:17','2026-01-10 01:43:17'),('becedc35-f70e-11f0-aabe-5e27c03d54ae','EMP_AIR_CON_EXI_02601','EXITO','final_user','airline_employee','Airline Employee Retrieved','The airline employee information has been retrieved successfully.',1,'2026-01-21 21:18:35','2026-01-21 21:18:35'),('becf30bc-f70e-11f0-aabe-5e27c03d54ae','EMP_AIR_CON_ERR_02602','ERROR','final_user','airline_employee','Airline Employee Not Found','The requested airline employee was not found in the system.',1,'2026-01-21 21:18:35','2026-01-21 21:18:35'),('becf3695-f70e-11f0-aabe-5e27c03d54ae','EMP_AIR_CON_ERR_02603','ERROR','technical','airline_employee','Technical Error','A technical error occurred while retrieving the airline employee information.',1,'2026-01-21 21:18:35','2026-01-21 21:18:35'),('c01b6687-10d4-11f1-8f09-f60f4374d6cc','HVU_CON_EXI_05101','EXITO','final_user','flight_hours','Flight hours summary','Flight hours summary obtained successfully.',1,'2026-02-23 16:28:56','2026-02-23 16:28:56'),('c01b92e5-10d4-11f1-8f09-f60f4374d6cc','HVU_CON_ERR_05102','ERROR','final_user','flight_hours','Summary error','An error occurred while obtaining the flight hours summary. Please try again later.',1,'2026-02-23 16:28:56','2026-02-23 16:28:56'),('c01b9738-10d4-11f1-8f09-f60f4374d6cc','HVU_CON_ERR_05103','ERROR','final_user','flight_hours','Invalid period','The period or date provided is invalid. Please verify and try again.',1,'2026-02-23 16:28:56','2026-02-23 16:28:56'),('c284bde0-edc5-11f0-9f91-325decfe1958','MOD_AM_LIST_ERR_04302','ERROR','aircraft_models','system','List aircraft models error','Could not retrieve the list of aircraft models',1,'2026-01-10 01:43:27','2026-01-10 01:43:27'),('c3b39d28-f70e-11f0-aabe-5e27c03d54ae','EMP_AIR_EDI_EXI_02701','EXITO','final_user','airline_employee','Airline Employee Updated','The airline employee information has been updated successfully.',1,'2026-01-21 21:18:43','2026-01-21 21:18:43'),('c3b3a815-f70e-11f0-aabe-5e27c03d54ae','EMP_AIR_EDI_ERR_02702','ERROR','technical','airline_employee','Update Error','A technical error occurred while updating the airline employee information.',1,'2026-01-21 21:18:43','2026-01-21 21:18:43'),('c625b3dc-10d4-11f1-8f09-f60f4374d6cc','HVU_ALR_EXI_05201','EXITO','final_user','flight_hours','Flight alerts','Flight alerts obtained successfully.',1,'2026-02-23 16:29:06','2026-02-23 16:29:06'),('c625bb3b-10d4-11f1-8f09-f60f4374d6cc','HVU_ALR_ERR_05202','ERROR','final_user','flight_hours','Alerts error','An error occurred while evaluating flight alerts. Please try again later.',1,'2026-02-23 16:29:06','2026-02-23 16:29:06'),('c640fb9a-f70e-11f0-aabe-5e27c03d54ae','EMP_AIR_AGR_EXI_02801','EXITO','final_user','airline_employee','Airline Employee Created','The airline employee has been created successfully.',1,'2026-01-21 21:18:47','2026-01-21 21:18:47'),('c6410828-f70e-11f0-aabe-5e27c03d54ae','EMP_AIR_AGR_ERR_02802','ERROR','technical','airline_employee','Creation Error','A technical error occurred while creating the airline employee.',1,'2026-01-21 21:18:47','2026-01-21 21:18:47'),('c64109c4-f70e-11f0-aabe-5e27c03d54ae','EMP_AIR_AGR_ERR_02803','ERROR','final_user','airline_employee','Duplicate Employee','An employee with this email already exists in the system.',1,'2026-01-21 21:18:47','2026-01-21 21:18:47'),('c6cfc04a-dff0-11f0-87c5-ce327ca1e891','MOD_KC_LOGIN_SUCCESS_EXI_00001','EXITO','authentication','Keycloak','Login Successful','You have successfully logged in. Welcome to FlightHours.',1,'2025-12-23 11:16:06','2025-12-23 11:16:06'),('c87f1e3d-10d4-11f1-8f09-f60f4374d6cc','HVU_REC_EXI_05301','EXITO','final_user','flight_hours','Recent flights','Recent flights obtained successfully.',1,'2026-02-23 16:29:10','2026-02-23 16:29:10'),('c87f2dee-10d4-11f1-8f09-f60f4374d6cc','HVU_REC_ERR_05302','ERROR','final_user','flight_hours','Recent flights error','An error occurred while obtaining recent flights. Please try again later.',1,'2026-02-23 16:29:10','2026-02-23 16:29:10'),('c8a02c63-f70e-11f0-aabe-5e27c03d54ae','EMP_AIR_ACT_EXI_02901','EXITO','final_user','airline_employee','Airline Employee Activated','The airline employee has been activated successfully.',1,'2026-01-21 21:18:51','2026-01-21 21:18:51'),('c8a0351c-f70e-11f0-aabe-5e27c03d54ae','EMP_AIR_ACT_ERR_02902','ERROR','technical','airline_employee','Activation Error','A technical error occurred while activating the airline employee.',1,'2026-01-21 21:18:51','2026-01-21 21:18:51'),('c9b82c03-f2eb-11f0-ab72-028a94201979','MAT_CON_EXI_03301','EXITO','final_user','license_plate','Registration retrieved','The aircraft registration information was retrieved successfully.',1,'2026-01-16 14:58:16','2026-02-10 15:02:08'),('cac93d03-ddec-11f0-9afe-422635bb0c3d','MOD_AUTH_LOGIN_SUCCESS_EXI_00001','EXITO','usuario_final','auth','Login Successful','You have successfully logged in. Welcome',1,'2025-12-20 21:42:33','2025-12-20 21:55:39'),('cc19d249-f70e-11f0-aabe-5e27c03d54ae','EMP_AIR_INA_EXI_03001','EXITO','final_user','airline_employee','Airline Employee Deactivated','The airline employee has been deactivated successfully.',1,'2026-01-21 21:18:57','2026-01-21 21:18:57'),('cc19dc03-f70e-11f0-aabe-5e27c03d54ae','EMP_AIR_INA_ERR_03002','ERROR','technical','airline_employee','Deactivation Error','A technical error occurred while deactivating the airline employee.',1,'2026-01-21 21:18:57','2026-01-21 21:18:57'),('cdbb1dd0-f2eb-11f0-ab72-028a94201979','MAT_CON_ERR_03302','ERROR','final_user','license_plate','Registration not found','The requested aircraft registration does not exist in the system.',1,'2026-01-16 14:58:23','2026-02-10 15:02:08'),('ced62549-f70e-11f0-aabe-5e27c03d54ae','EMP_AIR_LIST_EXI_02601','EXITO','final_user','airline_employee','Airline Employees Retrieved','The airline employees list has been retrieved successfully.',1,'2026-01-21 21:19:02','2026-01-21 21:19:02'),('ced63195-f70e-11f0-aabe-5e27c03d54ae','EMP_AIR_LIST_ERR_02602','ERROR','technical','airline_employee','List Error','A technical error occurred while retrieving the airline employees list.',1,'2026-01-21 21:19:02','2026-01-21 21:19:02'),('d1b809cd-f2eb-11f0-ab72-028a94201979','MAT_CON_ERR_03303','ERROR','technical','license_plate','Technical error on query','A technical error occurred while querying the aircraft registration. Please try again.',1,'2026-01-16 14:58:29','2026-02-10 15:02:08'),('d277174a-f7de-11f0-a838-06322d0f7f22','MOD_AM_ACT_ERR_04202','ERROR','STATUS','Aircraft Model','Activation Error','An error occurred while trying to activate the aircraft model. Please try again later.',1,'2026-01-22 22:08:03','2026-01-22 22:08:03'),('d3229869-f2f5-11f0-ab72-028a94201979','MOD_KC_PWD_CHANGED_EXI_00001','EXITO','final_user','keycloak','Password Changed','Your password has been changed successfully. You can continue using the application with your new password.',1,'2026-01-16 16:10:07','2026-01-16 16:10:07'),('d48868fc-dff1-11f0-87c5-ce327ca1e891','MOD_KC_USER_NOT_FOUND_ERR_00001','ERROR','system','keycloak','User not found','No user found with that email address.',1,'2025-12-23 11:23:39','2025-12-23 11:23:39'),('d49a30f3-cd7f-11f0-80b8-4a144109f7f9','GEN_SRV_ERR_00001','ERROR','final_user','general','Server error','An internal server error has occurred. Please try again later.',1,'2025-11-30 00:02:15','2025-11-30 00:02:15'),('d49a3878-cd7f-11f0-80b8-4a144109f7f9','GEN_AUTH_ERR_00002','ERROR','final_user','general','Unauthorized','The provided credentials are incorrect. Please verify your email and password.',1,'2025-11-30 00:02:15','2026-02-09 16:14:29'),('d49a3bc6-cd7f-11f0-80b8-4a144109f7f9','GEN_FORBIDDEN_ERR_00003','ERROR','_final_user','general','Access denied','Access denied. You do not have sufficient permissions.',1,'2025-11-30 00:02:15','2025-11-30 00:02:15'),('d49a4250-cd7f-11f0-80b8-4a144109f7f9','GEN_OPE_EXI_00001','EXITO','final_user','general','Successful operation','The operation has been completed successfully.',1,'2025-11-30 00:02:15','2025-11-30 00:02:15'),('d49a448e-cd7f-11f0-80b8-4a144109f7f9','GEN_INFO_00001','INFO','final_user','general','Information','Process in progress. Please wait.',1,'2025-11-30 00:02:15','2025-11-30 00:02:15'),('d49a46b6-cd7f-11f0-80b8-4a144109f7f9','GEN_WARN_00001','WARNING','final_user','general','Warning','This action may have consequences. Do you want to continue?',1,'2025-11-30 00:02:15','2025-11-30 00:02:15'),('dcdc25aa-f2eb-11f0-ab72-028a94201979','MAT_AGR_EXI_03401','EXITO','final_user','license_plate','Registration created','The aircraft registration was successfully created in the system.',1,'2026-01-16 14:58:48','2026-02-10 15:02:08'),('dec15906-f2eb-11f0-ab72-028a94201979','MAT_AGR_ERR_03402','ERROR','final_user','license_plate','Error creating registration','Unable to create the aircraft registration. Please verify the data and try again.',1,'2026-01-16 14:58:51','2026-02-10 15:02:08'),('dee19cf1-ebbe-11f0-86f9-5ec63aedf732','MOD_V_DATE_ERR_00017','ERROR','validation','final_user','Invalid Start Date','The start date cannot be later than the end date. Please verify the entered dates.',1,'2026-01-07 11:49:06','2026-01-07 11:49:06'),('e05c6ca1-f2eb-11f0-ab72-028a94201979','MAT_AGR_ERR_03403','ERROR','final_user','license_plate','Duplicate registration','An aircraft registration with the specified license plate already exists.',1,'2026-01-16 14:58:54','2026-02-10 15:02:08'),('e1853e3b-ebbe-11f0-86f9-5ec63aedf732','MOD_V_DATE_ERR_00018','ERROR','validation','final_user','Invalid Date Format','The date format is invalid. Please use the format YYYY-MM-DD (example: 2025-12-31).',1,'2026-01-07 11:49:10','2026-01-07 11:49:10'),('e50d740c-ebbe-11f0-86f9-5ec63aedf732','MOD_V_EMPTY_ERR_00019','ERROR','validation','final_user','Empty Field','The field NULL cannot be empty or contain only whitespace.',1,'2026-01-07 11:49:16','2026-01-07 11:49:16'),('e9771c09-f2eb-11f0-ab72-028a94201979','MAT_EDI_EXI_03501','EXITO','final_user','license_plate','Registration updated','The aircraft registration was successfully updated.',1,'2026-01-16 14:59:09','2026-02-10 15:02:08'),('ebae73ce-f2eb-11f0-ab72-028a94201979','MAT_EDI_ERR_03502','ERROR','final_user','license_plate','Error updating registration','Unable to update the aircraft registration. Please verify the data and try again.',1,'2026-01-16 14:59:13','2026-02-10 15:02:08'),('f09bc7e6-f2eb-11f0-ab72-028a94201979','MAT_LIST_EXI_03001','EXITO','final_user','license_plate','Registrations retrieved','The list of aircraft registrations was retrieved successfully.',1,'2026-01-16 14:59:21','2026-02-10 15:02:08'),('f2731d79-f2eb-11f0-ab72-028a94201979','MAT_LIST_ERR_03002','ERROR','technical','license_plate','Error listing registrations','An error occurred while retrieving the list of aircraft registrations.',1,'2026-01-16 14:59:24','2026-02-10 15:02:08'),('fbc2d245-ec13-11f0-86f9-5ec63aedf732','MOD_INFRA_KC_UNAVAIL_ERR_00004','ERROR','system','infrastructure','Service unavailable','The service is not available at this time. Please try again later.',1,'2026-01-07 21:58:22','2026-01-07 21:58:22'),('fbc2dd23-ec13-11f0-86f9-5ec63aedf732','MOD_INFRA_DB_UNAVAIL_ERR_00005','ERROR','system','infrastructure','Service unavailable','The service is not available at this time. Please try again later.',1,'2026-01-07 21:58:22','2026-01-07 21:58:22'),('fbc2dff7-ec13-11f0-86f9-5ec63aedf732','MOD_INFRA_DEP_FAIL_ERR_00006','ERROR','system','infrastructure','Service unavailable','The service is temporarily unavailable. Please try again later.',1,'2026-01-07 21:58:22','2026-01-07 21:58:22'),('fe5a246a-f2eb-11f0-ab72-028a94201979','MAT_VAL_ERR_03601','ERROR','final_user','license_plate','Invalid aircraft model','The specified aircraft model is invalid or does not exist in the system.',1,'2026-01-16 14:59:44','2026-02-10 15:02:08'),('ff936a53-f2fe-11f0-ab72-028a94201979','RUT_CON_EXI_03901','EXITO','system','route','Route Retrieved','The route information has been retrieved successfully.',1,'2026-01-16 17:15:47','2026-01-16 17:15:47'),('fffc73f0-f2eb-11f0-ab72-028a94201979','MAT_VAL_ERR_03602','ERROR','final_user','license_plate','Invalid airline','The specified airline is invalid or does not exist in the system.',1,'2026-01-16 14:59:47','2026-02-10 15:02:08');
/*!40000 ALTER TABLE `system_messages` ENABLE KEYS */;
UNLOCK TABLES;

--
-- Table structure for table `tail_number`
--

DROP TABLE IF EXISTS `tail_number`;
/*!40101 SET @saved_cs_client     = @@character_set_client */;
/*!50503 SET character_set_client = utf8mb4 */;
CREATE TABLE `tail_number` (
  `id` varchar(36) NOT NULL,
  `tail_number` varchar(7) NOT NULL,
  `aircraft_model_id` varchar(36) NOT NULL,
  `airline_id` varchar(36) NOT NULL,
  PRIMARY KEY (`id`),
  UNIQUE KEY `tail_number` (`tail_number`),
  KEY `fk_registration_model` (`aircraft_model_id`),
  KEY `fk_registration_airline` (`airline_id`),
  CONSTRAINT `fk_registration_airline` FOREIGN KEY (`airline_id`) REFERENCES `airline` (`id`),
  CONSTRAINT `fk_registration_model` FOREIGN KEY (`aircraft_model_id`) REFERENCES `aircraft_model` (`id`)
) ENGINE=InnoDB DEFAULT CHARSET=utf8mb4 COLLATE=utf8mb4_0900_ai_ci;
/*!40101 SET character_set_client = @saved_cs_client */;

--
-- Dumping data for table `tail_number`
--

LOCK TABLES `tail_number` WRITE;
/*!40000 ALTER TABLE `tail_number` DISABLE KEYS */;
INSERT INTO `tail_number` (`id`, `tail_number`, `aircraft_model_id`, `airline_id`) VALUES ('0A657015-11A8-48CC-BB2B-2EB0E8CBA9F2','CC-BAR','1E828658-E0B7-4AD1-A33B-DEF92F245471','3f9d5e8c-7f0e-4c3a-aabc-91a1f5e986d6'),('0D0AAF8E-D60B-43C9-BC61-35D6D63313BE','CC-CPF','0A657015-11A8-48CC-BB2B-2EB0E8CBA9F2','3f9d5e8c-7f0e-4c3a-aabc-91a1f5e986d6'),('1C5EA81F-0F58-4AAC-88BB-32F2CD1C7FAE','CC-COX','0A657015-11A8-48CC-BB2B-2EB0E8CBA9F2','3f9d5e8c-7f0e-4c3a-aabc-91a1f5e986d6'),('1E828658-E0B7-4AD1-A33B-DEF92F245471','CC-BAS','1E828658-E0B7-4AD1-A33B-DEF92F245471','3f9d5e8c-7f0e-4c3a-aabc-91a1f5e986d6'),('204B9547-E169-4121-A76C-92E9CEE6DC70','CC-COY','0A657015-11A8-48CC-BB2B-2EB0E8CBA9F2','3f9d5e8c-7f0e-4c3a-aabc-91a1f5e986d6'),('35C50391-2D66-4457-9162-15493731B9CB','CC-COZ','0A657015-11A8-48CC-BB2B-2EB0E8CBA9F2','3f9d5e8c-7f0e-4c3a-aabc-91a1f5e986d6'),('36E4E7C0-27B0-400E-8977-6F79F831C470','CC-BAX','1E828658-E0B7-4AD1-A33B-DEF92F245471','3f9d5e8c-7f0e-4c3a-aabc-91a1f5e986d6'),('4FC19700-56F7-48E6-83DC-83D6B7A6F355','CC-BAF','1E828658-E0B7-4AD1-A33B-DEF92F245471','3f9d5e8c-7f0e-4c3a-aabc-91a1f5e986d6'),('5241341E-E691-4462-B240-0437D6D2C469','CC-CPJ','0A657015-11A8-48CC-BB2B-2EB0E8CBA9F2','3f9d5e8c-7f0e-4c3a-aabc-91a1f5e986d6'),('5559007A-6D95-4778-B318-155EE40D15D6','CC-COU','0A657015-11A8-48CC-BB2B-2EB0E8CBA9F2','3f9d5e8c-7f0e-4c3a-aabc-91a1f5e986d6'),('5DC5CBD2-6A3D-452E-B5EF-BBFD7F1A1ACE','CC-CPQ','0A657015-11A8-48CC-BB2B-2EB0E8CBA9F2','3f9d5e8c-7f0e-4c3a-aabc-91a1f5e986d6'),('6633A10F-08FA-4F2C-A70A-19B160E486FA','CC-BAQ','1E828658-E0B7-4AD1-A33B-DEF92F245471','3f9d5e8c-7f0e-4c3a-aabc-91a1f5e986d6'),('6C18E768-C1F9-4FBF-B23C-121BF42D10EF','CC-BAC','1E828658-E0B7-4AD1-A33B-DEF92F245471','3f9d5e8c-7f0e-4c3a-aabc-91a1f5e986d6'),('757B044C-C358-491A-AEDE-2F25A8E35760','CC-BAD','1E828658-E0B7-4AD1-A33B-DEF92F245471','3f9d5e8c-7f0e-4c3a-aabc-91a1f5e986d6'),('76DD0164-E4D0-489F-AD91-CD5C2A72853D','HK-1334','1e828658-e0b7-4ad1-a33b-def92f245471','3f9d5e8c-7f0e-4c3a-aabc-91a1f5e986d6'),('7CA9AD6D-C9A2-43AA-8BCF-C420E637799E','CC-CPL','0A657015-11A8-48CC-BB2B-2EB0E8CBA9F2','3f9d5e8c-7f0e-4c3a-aabc-91a1f5e986d6'),('800AFA04-D194-4F8C-BAD7-B432CD0096EC','CC-BFA','1E828658-E0B7-4AD1-A33B-DEF92F245471','3f9d5e8c-7f0e-4c3a-aabc-91a1f5e986d6'),('85D426E0-7FFC-4D2F-81D3-E09441B49B72','CC-BFC','1E828658-E0B7-4AD1-A33B-DEF92F245471','3f9d5e8c-7f0e-4c3a-aabc-91a1f5e986d6'),('A291AF6F-A4D4-4B02-85A1-ED806A0952FF','CC-BAW','1E828658-E0B7-4AD1-A33B-DEF92F245471','3f9d5e8c-7f0e-4c3a-aabc-91a1f5e986d6');
/*!40000 ALTER TABLE `tail_number` ENABLE KEYS */;
UNLOCK TABLES;
/*!40103 SET TIME_ZONE=@OLD_TIME_ZONE */;

/*!40101 SET SQL_MODE=@OLD_SQL_MODE */;
/*!40014 SET FOREIGN_KEY_CHECKS=@OLD_FOREIGN_KEY_CHECKS */;
/*!40014 SET UNIQUE_CHECKS=@OLD_UNIQUE_CHECKS */;
/*!40101 SET CHARACTER_SET_CLIENT=@OLD_CHARACTER_SET_CLIENT */;
/*!40101 SET CHARACTER_SET_RESULTS=@OLD_CHARACTER_SET_RESULTS */;
/*!40101 SET COLLATION_CONNECTION=@OLD_COLLATION_CONNECTION */;
/*!40111 SET SQL_NOTES=@OLD_SQL_NOTES */;

-- Dump completed on 2026-03-05 21:33:19
